plot_id,lat,lon,landsat,row_path,date,sat_time,ndvinc,ndvi,ci1,ci2,evi,ndwi,b1,b2,b3,b4,b5,b6,b7
72712_2,17.172055732359727,-95.8981075454672,LT05,024048,1993-01-07,726422975615,0.8105910788837618,0.8105910788837618,5.801724137931035,1377.6666666666667,2.230620389406216,0.3512627090849459,343,618,431,4120,1978,2929,776
72712_2,17.172055732359727,-95.8981075454672,LT05,024048,1993-01-23,727805386371,NA,0.0455024595924104,0.9053986814280384,4880.666666666667,-2.213675213675214,0.16071776867563878,5218,5427,5433,5951,4303,2756,2952
72712_2,17.172055732359727,-95.8981075454672,LT05,024048,1993-02-08,729187797122,NA,0.134960305792414,1.1662112932604736,3056.8333333333335,6.455696202531645,0.09472490073737946,2821,3021,2942,3860,3192,2802,2505
72712_2,17.172055732359727,-95.8981075454672,LT05,024048,1993-02-24,730570200287,NA,0.09867148200696504,1.173196881091618,3631.8333333333335,4.793233082706767,0.04540991654393716,3310,3456,3494,4259,3889,2841,3383
72712_2,17.172055732359727,-95.8981075454672,LT05,024048,1993-03-12,731952613144,0.7899801868100764,0.7899801868100764,5.902262443438914,1107.8333333333333,2.051300896663237,0.30607187112763323,265,469,371,3162,1680,2981,700
72712_2,17.172055732359727,-95.8981075454672,LT05,024048,1993-03-28,733335014327,0.7624675699048717,0.7624675699048717,4.729954614220877,1102.1666666666667,2.2762478485370052,0.3134264232008593,350,560,412,3057,1598,2947,636
72712_2,17.172055732359727,-95.8981075454672,LT05,024048,1993-04-13,734717422113,0.7427141595525464,0.7427141595525464,4.787461773700306,1101.5,2.0052455889365763,0.2838863587074387,325,546,437,2960,1651,2947,690
72712_2,17.172055732359727,-95.8981075454672,LT05,024048,1993-04-29,736099828859,0.6339977851605758,0.6339977851605758,2.804518211157215,1228.6666666666667,3.256541524459613,0.30661943767987604,688,820,661,2951,1566,2938,686
72712_2,17.172055732359727,-95.8981075454672,LT05,024048,1993-05-15,737482231618,0.4902470741222366,0.4902470741222366,1.7585093896713615,1420.3333333333333,-52.949438202247194,0.2937457665387221,1178,1250,980,2865,1564,2924,685
72712_2,17.172055732359727,-95.8981075454672,LT05,024048,1993-05-31,738864635287,0.7888638558094625,0.7888638558094625,5.220354808590103,971.8333333333334,2.2257537232110423,0.32807646356033454,266,477,328,2779,1406,2955,575
72712_2,17.172055732359727,-95.8981075454672,LT05,024048,1993-07-18,743011827108,0.41434262948207173,0.41434262948207173,1.829289180702255,1577.6666666666667,2.1700573813249866,0.22837370242214533,1064,1263,1176,2840,1784,2831,1339
72712_2,17.172055732359727,-95.8981075454672,LT05,024048,1993-08-03,744394226377,NA,0.3406727828746177,1.424132364810331,1880.5,3.5002094679514033,0.2712159288613957,1573,1766,1617,3288,1885,2816,1154
72712_2,17.172055732359727,-95.8981075454672,LT05,024048,1993-08-19,745776626133,NA,0.1391962725684333,0.49849974133471286,7064.166666666667,-0.03050362895334689,0.1550044286979628,20000,4561,4434,5868,4293,2708,3229
72712_2,17.172055732359727,-95.8981075454672,LT05,024048,1993-09-04,747159024207,0.8254178827275139,0.8254178827275139,6.199814986123959,1130.8333333333333,2.2691466083150984,0.3567343719187537,265,487,329,3440,1631,2915,633
72712_2,17.172055732359727,-95.8981075454672,LT05,024048,1993-09-20,748541421336,NA,0.15191986644407346,0.380716058135413,6384.333333333333,-0.03030933844040135,0.35793357933579334,20000,4146,4064,5520,2610,2322,1966
72712_2,17.172055732359727,-95.8981075454672,LT05,024048,1993-10-06,749923817515,0.8224556139034759,0.8224556139034759,6.279148936170213,1234,2.3227401129943503,0.3224460170567955,298,522,355,3644,1867,2911,718
72712_2,17.172055732359727,-95.8981075454672,LT05,024048,1993-11-07,752688604733,NA,0.01062030710951768,0.48987257649744287,8302,-0.00397867228918105,0.2233868326236489,20000,7296,7313,7470,4742,2776,2991
72712_2,17.172055732359727,-95.8981075454672,LT05,024048,1993-11-23,754070997620,NA,0.3439547349612865,1.5987801249628086,2761.8333333333335,3.495762711864407,0.18296199213630407,2144,2375,2203,4513,3117,2797,2219
72712_2,17.172055732359727,-95.8981075454672,LT05,024048,1993-12-09,755453393615,NA,0.1787555448986932,1.285044824775876,3613,1.5747782002534856,0.1217341699942955,3080,3311,3425,4916,3849,2860,3097
72712_2,17.172055732359727,-95.8981075454672,LT05,024048,1993-12-25,756835784267,NA,0.00498721227621483,0.5356158217520959,8820,-0.00204286881639323,0.1687114283589858,20000,7765,7781,7859,5590,2756,3925
72712_2,17.172055732359727,-95.8981075454672,LT05,024048,1994-01-10,758218170407,0.7921052631578948,0.7921052631578948,5.678522571819426,1411,2.1649484536082477,0.31934129803035194,368,620,474,4086,2108,2883,810
72712_2,17.172055732359727,-95.8981075454672,LT05,024048,1994-01-26,759600558010,0.8187793427230047,0.8187793427230047,6.8350877192982455,1288.3333333333333,1.9995413895895435,0.3283044745414024,244,510,386,3874,1959,2929,757
72712_2,17.172055732359727,-95.8981075454672,LT05,024048,1994-02-11,760982948090,NA,0.04194400422609614,0.8526245945148924,3964.1666666666665,-0.9575494452484322,0.19568380213385064,4423,4607,4534,4931,3317,2807,1973
72712_2,17.172055732359727,-95.8981075454672,LT05,024048,1994-02-27,762365333711,NA,-0.34793597304128054,1.0152465817817655,13917.666666666666,1.2700501869710688,-0.34793597304128054,20000,8929,20000,9675,20000,2826,4902
72712_2,17.172055732359727,-95.8981075454672,LT05,024048,1994-03-15,763747719495,0.7893660531697342,0.7893660531697342,5.827848101265823,1176.5,2.0488322717622083,0.3453776667307323,294,479,412,3500,1703,2920,671
72712_2,17.172055732359727,-95.8981075454672,LT05,024048,1994-03-31,765130104019,NA,0.10158610271903323,0.5200040789965669,7311.333333333333,-0.02326647465338142,0.1042968010600038,20000,4661,4758,5834,4732,2816,3883
72712_2,17.172055732359727,-95.8981075454672,LT05,024048,1994-04-16,766512485079,NA,-0.429388221841052,0.3671664824508352,10674,1.3645241880536,0.2479874951152794,20000,7951,20000,7984,4811,2841,3298
72712_2,17.172055732359727,-95.8981075454672,LT05,024048,1994-05-02,767894867932,0.6093660765276985,0.6093660765276985,1.7729149463253508,529.8333333333334,5.773809523809524,0.5849268841394826,400,469,342,1409,369,2915,190
72712_2,17.172055732359727,-95.8981075454672,LT05,024048,1994-05-18,769277250392,0.6158612143742255,0.6158612143742255,1.600725952813067,464.5,4.945273631840796,0.7001303780964798,355,437,310,1304,230,2915,151
72712_2,17.172055732359727,-95.8981075454672,LT05,024048,1994-06-03,770659632986,0.7904705534181711,0.7904705534181711,5.2967914438502675,1038.1666666666667,2.0577812018489987,0.34924174843889383,254,514,354,3025,1459,2933,623
72712_2,17.172055732359727,-95.8981075454672,LT05,024048,1994-06-19,772042012385,0.73734335839599,0.73734335839599,3.337443946188341,586.6666666666666,2.7120206489675516,0.47176220806794056,260,370,262,1733,622,2869,273
72712_2,17.172055732359727,-95.8981075454672,LT05,024048,1994-07-05,773424387562,NA,0,0.49516666666666664,14603.166666666666,0,0.6093341380004024,20000,20000,20000,20000,4855,2697,2764
72712_2,17.172055732359727,-95.8981075454672,LT05,024048,1994-07-21,774806761065,NA,0.4262295081967213,1.556573275862069,1488.3333333333333,4.021838034576888,0.3543956043956044,1200,1322,1190,2958,1410,2756,850
72712_2,17.172055732359727,-95.8981075454672,LT05,024048,1994-08-06,776189134111,NA,0.2789805426144149,1.5179013149329514,3105.3333333333335,1.808813077469794,0.14345216219527135,2352,2698,2631,4667,3496,2811,2788
72712_2,17.172055732359727,-95.8981075454672,LT05,024048,1994-08-22,777571511325,NA,0.22753231139164412,1.2987282636906308,2853.3333333333335,3.862244897959184,0.1592392847005393,2470,2666,2570,4084,2962,2697,2368
72712_2,17.172055732359727,-95.8981075454672,LT05,024048,1994-09-07,778953887543,NA,0.15510080032418194,0.5298848152830453,7127,-0.03208890155770553,0.09687349687349688,20000,4306,4170,5701,4694,2811,3891
72712_2,17.172055732359727,-95.8981075454672,LT05,024048,1994-09-23,780336261684,0.8233438485804416,0.8233438485804416,6.0078683834048645,1421.6666666666667,2.5631792588712843,0.36170881105701275,405,573,420,4335,2032,2929,765
72712_2,17.172055732359727,-95.8981075454672,LT05,024048,1994-10-09,781718633613,NA,0.10187065740245858,0.8692070030895983,3812.3333333333335,-4.897225077081192,0.2784323452809128,4113,4309,4201,5154,2909,2443,2188
72712_2,17.172055732359727,-95.8981075454672,LT05,024048,1994-10-25,783101001703,0.846580012784999,0.846580012784999,6.87962962962963,1355.3333333333333,2.272103397003317,0.38589477051015514,283,545,360,4333,1920,2929,691
72712_2,17.172055732359727,-95.8981075454672,LT05,024048,1994-11-26,785865735465,0.7981601731601732,0.7981601731601732,5.421780466724287,1085.6666666666667,2.2018211673384087,0.38516048353480614,295,489,373,3323,1475,2906,559
72712_2,17.172055732359727,-95.8981075454672,LT05,024048,1994-12-12,787248106629,0.8236903008626131,0.8236903008626131,6.282227307398932,1395.6666666666667,2.2727272727272725,0.379156722354813,339,553,419,4334,1951,2897,778
72712_2,17.172055732359727,-95.8981075454672,LT05,024048,1994-12-28,788630474967,0.8356466181978409,0.8356466181978409,7.045967042497832,1342.5,2.2026713124274098,0.35589910496338484,280,500,373,4166,1979,2933,757
72712_2,17.172055732359727,-95.8981075454672,LT05,024048,1995-01-13,790012840990,0.8160597572362278,0.8160597572362278,6.198547215496368,1303.1666666666667,2.2583979328165373,0.34485738980121,318,527,394,3890,1895,2951,795
72712_2,17.172055732359727,-95.8981075454672,LT05,024048,1995-01-29,791395204523,NA,0.06940530920955064,0.627831814823935,8641.833333333334,-0.02225646293442903,0.04476963199072732,20000,6213,6275,7211,6593,2841,5559
72712_2,17.172055732359727,-95.8981075454672,LT05,024048,1995-02-14,792777565003,0.58664363845711,0.58664363845711,2.798491040553285,1840.6666666666667,2.123211557160717,0.2684872660325253,933,1171,1077,4134,2384,2906,1345
72712_2,17.172055732359727,-95.8981075454672,LT05,024048,1995-03-18,795542287878,NA,0.01456491970621187,0.5353885749454484,8789.166666666666,-0.00620012082286731,0.19466432131339784,20000,7830,7916,8150,5494,2802,3345
72712_2,17.172055732359727,-95.8981075454672,LT05,024048,1995-04-03,796924648731,0.77113213304852,0.77113213304852,5.37609841827768,1058.3333333333333,2.126746339000168,0.2869179600886918,291,472,375,2902,1608,2920,702
72712_2,17.172055732359727,-95.8981075454672,LT05,024048,1995-04-19,798307007978,0.7513310366426558,0.7513310366426558,4.835918367346939,1044.3333333333333,2.1936722750548645,0.28256880733944956,326,502,397,2796,1564,2933,681
72712_2,17.172055732359727,-95.8981075454672,LT05,024048,1995-05-05,799689365626,0.6500174641983933,0.6500174641983933,4.595342066957787,1130.6666666666667,1.6076364892881825,0.08898109727985247,330,543,501,2362,1976,2960,1072
72712_2,17.172055732359727,-95.8981075454672,LT05,024048,1995-05-21,801071722310,0.47438901908269165,0.47438901908269165,2.2629674306393244,1284.8333333333333,4.116792562463684,0.12490421455938697,807,895,785,2202,1713,2911,1307
72712_2,17.172055732359727,-95.8981075454672,LT05,024048,1995-06-06,802454076830,0.6107498916341569,0.6107498916341569,4.4144903117101935,976.5,1.5098585512216032,0.04705550859397013,296,442,449,1858,1691,2955,1123
72712_2,17.172055732359727,-95.8981075454672,LT05,024048,1995-06-22,803836434634,NA,0.11838547701815372,0.4630459318034133,6953.833333333333,-0.02623739492201544,0.1983445421624418,20000,4674,4565,5791,3874,2547,2819
72712_2,17.172055732359727,-95.8981075454672,LT05,024048,1995-07-24,806601147220,NA,0.06334637375865182,0.5354488543497703,8062.5,-0.01993711049231877,0.15710192386410152,20000,6202,6225,7067,5148,2604,3733
72712_2,17.172055732359727,-95.8981075454672,LT05,024048,1995-08-09,807983503797,NA,0.38556178758820336,1.6514251781472684,2117.5,2.1652103231050597,0.25829773250082155,1541,1813,1698,3829,2257,2680,1567
72712_2,17.172055732359727,-95.8981075454672,LT05,024048,1995-08-25,809365859319,0.7695356738391846,0.7695356738391846,5.548865619546248,1094.8333333333333,1.9057635675220863,0.31800927878532265,267,472,407,3125,1617,2915,681
72712_2,17.172055732359727,-95.8981075454672,LT05,024048,1995-09-10,810748213355,0.6948344370860927,0.6948344370860927,4.167466986794718,1275.6666666666667,1.8235539488320356,0.2616840859790968,408,682,576,3199,1872,2855,917
72712_2,17.172055732359727,-95.8981075454672,LT05,024048,1995-10-12,813512914197,0.7506268520629131,0.7506268520629131,5.592071611253197,1488.8333333333333,1.8676270417422869,0.220403623073256,362,655,547,3840,2453,2915,1076
72712_2,17.172055732359727,-95.8981075454672,LT05,024048,1995-12-15,819042547748,0.80625507717303,0.80625507717303,6.491513437057992,1549.5,1.9643740722414649,0.30544547189197124,301,636,477,4447,2366,2920,1070
72712_2,17.172055732359727,-95.8981075454672,LT05,024048,1995-12-31,820425018102,NA,0.00809968847352025,0.4276280961801008,8299.166666666666,-0.00345197506080786,0.3806638791705777,20000,7931,7960,8090,3629,2493,2185
72712_2,17.172055732359727,-95.8981075454672,LT05,024048,1996-01-16,821807485657,0.6862297328157113,0.6862297328157113,4.947424322889007,1654.5,1.703514739229025,0.1353013530135301,454,742,687,3692,2812,2911,1540
72712_2,17.172055732359727,-95.8981075454672,LT05,024048,1996-02-17,824572418791,NA,0.02375944535327568,0.49560314979930753,7861.333333333333,-0.0072048151787739,0.1555438318825288,20000,6371,6266,6571,4802,2792,3158
72712_2,17.172055732359727,-95.8981075454672,LT05,024048,1996-03-04,825954883073,NA,0.10985915492957748,1.2067648663393344,4630,1.2691771269177128,0.05066666666666666,3988,4419,4424,5516,4984,2816,4449
72712_2,17.172055732359727,-95.8981075454672,LT05,024048,1996-03-20,827337345473,NA,0.0037402244134648,0.5167663114114894,8467,-0.00139354812555108,0.16809116809116809,20000,7298,7325,7380,5256,2756,3543
72712_2,17.172055732359727,-95.8981075454672,LT05,024048,1996-04-05,828719805870,0.7155348294957738,0.7155348294957738,4.86676321506155,1193.5,1.756331377879525,0.21812913907284767,317,576,488,2943,1889,2960,948
72712_2,17.172055732359727,-95.8981075454672,LT05,024048,1996-04-21,830102264542,0.6884862653419053,0.6884862653419053,4.048185603807258,1276,2.298088177916504,0.19207757375696308,470,678,533,2889,1958,2942,1128
72712_2,17.172055732359727,-95.8981075454672,LT05,024048,1996-05-07,831484721412,NA,0.2459795321637427,1.3833681168726923,2348.6666666666665,4.353169469598965,0.1338766006984866,2002,2164,2063,3409,2604,2883,1850
72712_2,17.172055732359727,-95.8981075454672,LT05,024048,1996-05-23,832867176544,0.4668794892258579,0.4668794892258579,1.3824650571791617,863.1666666666666,-12.037037037037038,0.44100352802822423,812,881,668,1838,713,2933,267
72712_2,17.172055732359727,-95.8981075454672,LT05,024048,1996-06-08,834249629898,NA,0.05893679939481466,0.5867050308495492,8631,-0.0211609118204804,0.12075114637164276,20000,6870,6842,7699,6040,2697,4335
72712_2,17.172055732359727,-95.8981075454672,LT05,024048,1996-06-24,835632081405,NA,0.21882784843319783,1.2850789415165669,3281.6666666666665,5.009003601440575,0.14722942120202395,2892,3123,2979,4648,3455,2553,2593
72712_2,17.172055732359727,-95.8981075454672,LT05,024048,1996-07-10,837014531151,NA,0.3363973837723175,1.5592742645763606,2273.8333333333335,3.693711180124223,0.19696010132995567,1834,1966,1877,3780,2536,2879,1650
72712_2,17.172055732359727,-95.8981075454672,LT05,024048,1996-07-26,838396982778,NA,0.03267372296364473,0.41149930587690886,8038.166666666667,-0.01267818332091874,0.4226972194547595,20000,7219,7357,7854,3187,2322,2612
72712_2,17.172055732359727,-95.8981075454672,LT05,024048,1996-08-27,841161884273,NA,0.19163658243080625,1.0379978078187797,2691.5,-3185,0.26914450496635695,2678,2846,2687,3961,2281,2465,1696
72712_2,17.172055732359727,-95.8981075454672,LT05,024048,1996-09-12,842544337532,0.6279373368146214,0.6279373368146214,3.2295796986518637,1622.1666666666667,1.924256567542339,0.25896012115093386,683,984,855,3741,2202,2906,1268
72712_2,17.172055732359727,-95.8981075454672,LT05,024048,1996-10-14,845309239342,NA,0.15620466195957056,1.2690424592663938,4494.5,1.5221489161168709,0.09730126675234074,3933,4164,4362,5977,4917,2797,3614
72712_2,17.172055732359727,-95.8981075454672,LT05,024048,1996-10-30,846691686748,NA,0.22576760987357017,1.3943116570970755,2874,2.03527815468114,0.12222681548849389,2355,2562,2572,4072,3185,2869,2498
72712_2,17.172055732359727,-95.8981075454672,LT05,024048,1996-11-15,848074131616,0.7273743016759776,0.7273743016759776,3.6830466830466833,281.6666666666667,2.389867841409691,0.3609154929577465,110,175,122,773,363,2893,147
72712_2,17.172055732359727,-95.8981075454672,LT05,024048,1996-12-01,849456577539,NA,0.03895189124462914,0.5423267770670174,8340.5,-0.01359497305589426,0.15604671212477467,20000,6632,6822,7375,5384,2816,3830
72712_2,17.172055732359727,-95.8981075454672,LT05,024048,1996-12-17,850839022584,0.5702039609813775,0.5702039609813775,4.668545659526494,1510.5,1.2158073868649943,-0.028707259096727,407,640,727,2656,2813,2924,1820
72712_2,17.172055732359727,-95.8981075454672,LT05,024048,1997-01-02,852221468423,0.43275388838060386,0.43275388838060386,2.0080930703085484,897.5,6.315086782376502,0.1315028901734104,655,702,620,1566,1202,2883,640
72712_2,17.172055732359727,-95.8981075454672,LT05,024048,1997-02-03,854986356246,NA,0.1267605633802817,1.1385832850801003,3568.5,-6.275125628140703,0.09373075501909102,3398,3523,3441,4440,3679,2792,2930
72712_2,17.172055732359727,-95.8981075454672,LT05,024048,1997-02-19,856368797299,NA,0.29365671641791047,1.6837908011869436,2338,1.6719779052475037,0.10537223019289016,1663,1836,1893,3467,2806,2850,2363
72712_2,17.172055732359727,-95.8981075454672,LT05,024048,1997-03-07,857751236020,NA,0.06228642435538987,0.5539275539275539,8012.333333333333,-0.01874918176887542,0.11511495189955975,20000,5904,6037,6839,5427,2766,3867
72712_2,17.172055732359727,-95.8981075454672,LT05,024048,1997-03-23,859133672899,0.6464646464646465,0.6464646464646465,4.641483516483516,1213.8333333333333,1.5379993992189849,0.11381592995942771,352,544,560,2608,2075,2947,1144
72712_2,17.172055732359727,-95.8981075454672,LT05,024048,1997-04-08,860516107709,NA,0.1133496687539704,0.5335933822045867,7421.166666666667,-0.02725764916415695,0.11517134805926732,20000,4853,4885,6134,4867,2821,3788
72712_2,17.172055732359727,-95.8981075454672,LT05,024048,1997-04-24,861898541747,0.7272981279687063,0.7272981279687063,5.01568068424804,1245.3333333333333,1.951274362818591,0.2207740916271722,358,557,488,3091,1973,2951,1005
72712_2,17.172055732359727,-95.8981075454672,LT05,024048,1997-05-10,863280974623,NA,0,1,17499.833333333332,0,0,20000,20000,20000,20000,20000,2761,4999
72712_2,17.172055732359727,-95.8981075454672,LT05,024048,1997-05-26,864663408811,NA,0.4246575342465753,1.7581876385126816,1744,4.035123966942149,0.25806451612903225,1334,1404,1323,3276,1932,2729,1195
72712_2,17.172055732359727,-95.8981075454672,LT05,024048,1997-06-11,866045841784,0.4744251525105585,0.4744251525105585,2.057759626604434,802.5,3.4886128364389233,0.23264025107885444,561,593,560,1571,978,2874,552
72712_2,17.172055732359727,-95.8981075454672,LT05,024048,1997-08-14,871575570966,NA,0.24057814399567745,1.3955845095910242,3236.6666666666665,2.421152800435019,0.13663366336633664,2616,2862,2811,4592,3488,2826,3051
72712_2,17.172055732359727,-95.8981075454672,LT05,024048,1997-08-30,872958000322,0.4668615984405458,0.4668615984405458,1.8268638324091189,729.3333333333334,3.0883301096067055,0.34675615212527966,535,541,547,1505,730,2879,518
72712_2,17.172055732359727,-95.8981075454672,LT05,024048,1997-11-02,878487707565,NA,0.07351572678205844,0.4636169074371322,7135.5,-0.01726957145230537,0.1752241238793806,20000,4926,4978,5768,4048,2560,3093
72712_2,17.172055732359727,-95.8981075454672,LT05,024048,1997-11-18,879870128882,NA,0.06035315821839585,0.4482882529726904,7121.833333333333,-0.01535181808430762,0.2217835813341431,20000,5264,5348,6035,3844,2729,2240
72712_2,17.172055732359727,-95.8981075454672,LT05,024048,1997-12-20,882634975855,0.7623126338329764,0.7623126338329764,4.976111111111111,1597.5,2.4178212442271123,0.2591799265605875,502,743,555,4115,2421,2883,1249
72712_2,17.172055732359727,-95.8981075454672,LT05,024048,1998-01-05,884017399196,0.7558048525958779,0.7558048525958779,6.095121951219512,1262.5,1.7487625256549562,0.23918247099981588,271,491,468,3365,2066,2933,914
72712_2,17.172055732359727,-95.8981075454672,LT05,024048,1998-01-21,885399819253,0.7680929741151611,0.7680929741151611,5.74010861132661,1267,2.0597818387873637,0.24585892425088404,327,523,439,3347,2026,2968,940
72712_2,17.172055732359727,-95.8981075454672,LT05,024048,1998-02-06,886782240995,NA,0.03933775740576042,0.6261841718152398,9000,-0.01433529124325617,0.0520775623268698,20000,6969,7021,7596,6844,2750,5570
72712_2,17.172055732359727,-95.8981075454672,LT05,024048,1998-02-22,888164658891,0.712707182320442,0.712707182320442,4.63515406162465,1197.6666666666667,1.865296803652968,0.2317022166457549,350,584,494,2945,1837,2973,976
72712_2,17.172055732359727,-95.8981075454672,LT05,024048,1998-03-10,889547074320,NA,0,0.5209333333333334,14859,0,0.5607928827844545,20000,20000,20000,20000,5628,2750,3526
72712_2,17.172055732359727,-95.8981075454672,LT05,024048,1998-03-26,890929487648,0.6835913312693499,0.6835913312693499,4.203604806408545,1142.5,2.130451563103049,0.20629991126885536,426,561,511,2719,1789,2938,849
72712_2,17.172055732359727,-95.8981075454672,LT05,024048,1998-04-11,892311899358,0.5937595594983175,0.5937595594983175,3.2617960426179606,1269.8333333333333,2.280846063454759,0.15342041177772858,595,712,664,2605,1912,2911,1131
72712_2,17.172055732359727,-95.8981075454672,LT05,024048,1998-04-27,893694311097,0.5759644930010243,0.5759644930010243,3.623681125439625,1187,1.6506849315068493,0.08739693757361602,464,621,621,2308,1937,2960,1171
72712_2,17.172055732359727,-95.8981075454672,LT05,024048,1998-05-13,895076727735,0.2681420483787957,0.2681420483787957,1.3190145293746052,1718.1666666666667,-1.6250779787897691,0.12923923006416133,1680,1647,1422,2464,1900,3011,1196
72712_2,17.172055732359727,-95.8981075454672,LT05,024048,1998-05-29,896459143091,0.4821687445636416,0.4821687445636416,2.2492917847025495,1394,4.3194805194805195,0.14773237539290526,927,1004,893,2556,1898,2973,1086
72712_2,17.172055732359727,-95.8981075454672,LT05,024048,1998-06-14,897841555557,0.6160397444996452,0.6160397444996452,4.305024769992923,1119.3333333333333,1.4893617021276595,0.08947368421052632,348,524,541,2277,1903,2994,1123
72712_2,17.172055732359727,-95.8981075454672,LT05,024048,1998-06-30,899223967186,0.5679680820746651,0.5679680820746651,3.032961931290622,1309,1.647107438016529,0.1852649719948298,570,826,758,2751,1891,2855,1058
72712_2,17.172055732359727,-95.8981075454672,LT05,024048,1998-07-16,900606378432,NA,-0.4134275618374558,0.3651739623116632,10547.166666666666,1.3479883865615927,0.29172827017352737,20000,7654,20000,8300,4551,2674,2778
72712_2,17.172055732359727,-95.8981075454672,LT05,024048,1998-08-01,901988783699,NA,0.38349219225309267,1.5199913550896909,1820.3333333333333,3.217080639673358,0.3063960168517809,1475,1632,1520,3411,1811,2651,1073
72712_2,17.172055732359727,-95.8981075454672,LT05,024048,1998-08-17,903371191425,NA,0.14622798271851117,0.8190134750896279,2325.5,-0.914380714879468,0.36946595195552906,2836,2684,2569,3449,1588,2761,827
72712_2,17.172055732359727,-95.8981075454672,LT05,024048,1998-09-18,906136010472,NA,0.1472565073933765,0.764151840928551,3013.5,-14.987562189054726,0.4754046833254754,3444,3578,3489,4694,1669,2472,1207
72712_2,17.172055732359727,-95.8981075454672,LT05,024048,1998-10-04,907518413175,0.6796983528477872,0.6796983528477872,3.208236208236208,1635.6666666666667,2.542687453600594,0.35532425940752604,761,1006,807,4232,2013,2826,995
72712_2,17.172055732359727,-95.8981075454672,LT05,024048,1998-10-20,908900812681,NA,0.1039136302294197,0.5197031218797843,7401.5,-0.02533250280741156,0.12827586206896552,20000,5066,4980,6135,4740,2585,3488
72712_2,17.172055732359727,-95.8981075454672,LT05,024048,1998-11-05,910283218864,NA,0.0950840204571548,0.999846177511152,4185,-4.081541218637993,0.1500602871862326,4242,4425,4335,5246,3877,2766,2985
72712_2,17.172055732359727,-95.8981075454672,LT05,024048,1998-11-21,911665624740,0.7631878557874763,0.7631878557874763,4.672484599589322,800.8333333333334,2.2089191564147628,0.35176025603724176,256,406,312,2323,1114,2883,394
72712_2,17.172055732359727,-95.8981075454672,LT05,024048,1998-12-07,913048020156,0.7170805116629044,0.7170805116629044,4.977791878172589,1384.5,1.8058362809499748,0.21512247071352503,380,632,564,3423,2211,2906,1097
72712_2,17.172055732359727,-95.8981075454672,LT05,024048,1998-12-23,914430426157,NA,0.04635258358662614,0.5418276602269243,8089.333333333333,-0.01445991049078358,0.12160951372485136,20000,6335,6275,6885,5392,2776,3649
72712_2,17.172055732359727,-95.8981075454672,LT05,024048,1999-01-08,915812825402,0.757360959651036,0.757360959651036,6.076377952755905,1302.1666666666667,1.87880427431354,0.17842778793418648,293,532,445,3223,2247,2938,1073
72712_2,17.172055732359727,-95.8981075454672,LT05,024048,1999-01-24,917195225368,NA,-0.3646753778444952,0.45353257572693817,11705.666666666666,1.2916908352668213,0.17340894770006302,20000,9454,20000,9311,6559,2745,4910
72712_2,17.172055732359727,-95.8981075454672,LT05,024048,1999-02-09,918577634398,0.7421271538918598,0.7421271538918598,6.105172413793103,1206,1.722996275348324,0.17116037547433594,255,471,434,2932,2075,2942,1069
72712_2,17.172055732359727,-95.8981075454672,LT05,024048,1999-02-25,919960036936,NA,0.1457205852876328,1.354886113152094,4702.333333333333,1.079756423585326,0.0247400501972033,3723,4264,4262,5716,5440,2821,4809
72712_2,17.172055732359727,-95.8981075454672,LT05,024048,1999-03-13,921342424902,0.683629675045984,0.683629675045984,4.838518518518518,1162,1.5679932498945297,0.1838758353093339,305,529,516,2746,1893,2986,983
72712_2,17.172055732359727,-95.8981075454672,LT05,024048,1999-03-29,922724806731,NA,-0.4144271570014144,1.0029081844619858,13438.166666666666,1.3490492195773285,-0.4144271570014144,20000,8140,20000,8280,20000,2826,4209
72712_2,17.172055732359727,-95.8981075454672,LT05,024048,1999-04-14,924107206186,0.6730704415234243,0.6730704415234243,4.781273983115886,1113.8333333333333,1.756067534294759,0.13957759412304868,340,478,485,2482,1874,3019,1024
72712_2,17.172055732359727,-95.8981075454672,LT05,024048,1999-04-30,925489604583,0.6324209029505866,0.6324209029505866,3.815593220338983,1043.8333333333333,2.157409653165171,0.15901060070671377,445,513,517,2296,1666,2960,826
72712_2,17.172055732359727,-95.8981075454672,LT05,024048,1999-05-16,926871990096,0.4523291249455812,0.4523291249455812,1.389416553595658,827.3333333333334,-3.321611253196931,0.4075949367088608,830,752,629,1668,702,2933,383
72712_2,17.172055732359727,-95.8981075454672,LT05,024048,1999-06-01,928254368746,0.735114725530061,0.735114725530061,4.981118373275236,1195.6666666666667,2.213186428821266,0.2134877107454804,382,539,456,2987,1936,2964,874
72712_2,17.172055732359727,-95.8981075454672,LT05,024048,1999-07-19,932401546726,NA,0.04692752453946484,1.4025417510492797,11053.666666666666,-0.0175051411947635,-0.4395738861297056,20000,6983,7088,7786,20000,2836,4465
72712_2,17.172055732359727,-95.8981075454672,LT05,024048,1999-08-04,933783944820,0.7525708943596136,0.7525708943596136,5.040636042402827,999.8333333333334,1.9507269789983843,0.3204977694294435,280,455,397,2812,1447,2902,608
72712_2,17.172055732359727,-95.8981075454672,LE07,024048,1999-08-12,934476055894,NA,0,0.47113333333333335,14493.166666666666,0,0.6574127786525235,20000,20000,20000,20000,4134,2722,2825
72712_2,17.172055732359727,-95.8981075454672,LT05,024048,1999-08-20,935166333318,0.6226415094339622,0.6226415094339622,2.8524017467248908,1338,2.1721808418499915,0.33387755102040817,659,871,760,3268,1632,2776,838
72712_2,17.172055732359727,-95.8981075454672,LT05,024048,1999-09-05,936548704143,NA,0.13486176668914365,0.3402165701334676,6112,-0.02461922268907563,0.3922514821453192,20000,3948,3849,5049,2204,2479,1622
72712_2,17.172055732359727,-95.8981075454672,LT05,024048,1999-09-21,937931076021,NA,0.1210739179072369,0.5354007222608753,7492.166666666667,-0.03117162783690614,0.14915762547411132,20000,5076,5107,6514,4823,2807,3433
72712_2,17.172055732359727,-95.8981075454672,LT05,024048,1999-10-23,940695871874,0.8359412043622569,0.8359412043622569,7.312089971883786,1286.3333333333333,2.143986379666788,0.3267089258180572,245,476,346,3872,1965,2911,814
72712_2,17.172055732359727,-95.8981075454672,LE07,024048,1999-10-31,941388055756,NA,0.25851763299462044,1.4329166666666666,2784,2.5813190092509695,0.15941629955947137,2323,2396,2481,4211,3053,2772,2240
72712_2,17.172055732359727,-95.8981075454672,LT05,024048,1999-11-08,942078240653,NA,0.45536630412476914,2.1110539845758356,1907.3333333333333,1.9749021003915983,0.20632760673583944,1160,1403,1327,3546,2333,2797,1675
72712_2,17.172055732359727,-95.8981075454672,LT05,024048,1999-11-24,943460604639,NA,-0.36244422493954154,0.41461033016660903,11210.166666666666,1.2888808139534882,0.25877605917955615,20000,9157,20000,9359,5511,2697,3234
72712_2,17.172055732359727,-95.8981075454672,LT05,024048,1999-12-26,946225388854,NA,-0.00542313028124605,0.4547419766088354,8514.5,0.00228041705115558,0.29842759529101837,20000,8110,7972,7886,4261,2740,2858
72712_2,17.172055732359727,-95.8981075454672,LT05,024048,2000-01-11,947607781869,NA,0.1560872624912034,1.3374857142857144,3348.3333333333335,3.483040201005025,0.03908918406072106,2840,2912,2998,4107,3798,2807,3435
72712_2,17.172055732359727,-95.8981075454672,LT05,024048,2000-01-27,948990150797,0.7771307570142932,0.7771307570142932,5.854131534569983,1174.8333333333333,2.0623770722112953,0.3036893203883495,310,455,421,3357,1793,2924,713
72712_2,17.172055732359727,-95.8981075454672,LT05,024048,2000-02-12,950372523091,0.738898756660746,0.738898756660746,5.660202360876897,1165,1.7314095449500555,0.21740932642487049,264,481,441,2937,1888,2973,979
72712_2,17.172055732359727,-95.8981075454672,LE07,024048,2000-02-20,951064841462,NA,-0.4912019087384432,0.3177,13043.5,1.4213592233009709,0.05446959746581163,20000,20000,20000,6824,6119,2842,5318
72712_2,17.172055732359727,-95.8981075454672,LT05,024048,2000-02-28,951754886133,0.7064056939501779,0.7064056939501779,4.69136690647482,1150.8333333333333,1.847657461991933,0.22451585443711428,350,545,495,2877,1822,2929,816
72712_2,17.172055732359727,-95.8981075454672,LE07,024048,2000-03-07,952447236356,0.7525518094648933,0.7525518094648933,6.099350046425255,1120.6666666666667,1.7868683901292597,0.20527547330355245,244,433,400,2833,1868,2980,946
72712_2,17.172055732359727,-95.8981075454672,LE07,024048,2000-04-08,955212026678,0.6482830385015609,0.6482830385015609,3.303741280913126,1015.6666666666666,2.667713388524122,0.2528341682045874,489,581,507,2376,1417,2965,724
72712_2,17.172055732359727,-95.8981075454672,LT05,024048,2000-04-16,955902161311,0.7174959871589085,0.7174959871589085,4.926731078904992,1072.3333333333333,1.9161522633744856,0.2167386854673641,320,482,440,2675,1722,2973,795
72712_2,17.172055732359727,-95.8981075454672,LE07,024048,2000-04-24,956594421869,0.7110536522301228,0.7110536522301228,4.888100866824271,1108.8333333333333,1.896551724137931,0.19638418079096048,324,498,447,2647,1778,3044,959
72712_2,17.172055732359727,-95.8981075454672,LT05,024048,2000-05-02,957284611005,0.6432559506317955,0.6432559506317955,3.4349972572682392,1203.5,2.0016459400146305,0.23470964892912344,494,722,607,2796,1733,2915,869
72712_2,17.172055732359727,-95.8981075454672,LE07,024048,2000-05-10,957976810048,0.7147192716236722,0.7147192716236722,4.20121130551817,1145.6666666666667,2.5095907928388743,0.24614027348919276,440,576,470,2825,1709,2955,854
72712_2,17.172055732359727,-95.8981075454672,LT05,024048,2000-05-18,958667030379,0.744281045751634,0.744281045751634,5.10752688172043,751.1666666666666,1.6675819146988835,0.33229329173166927,171,353,313,2135,1070,2915,465
72712_2,17.172055732359727,-95.8981075454672,LT05,024048,2000-07-05,962814290810,NA,0.36126840317100795,1.8284548518715629,2468.8333333333335,1.4760708619777896,0.1594322722888246,1636,2027,1974,4207,3050,2897,1919
72712_2,17.172055732359727,-95.8981075454672,LE07,024048,2000-07-13,963506371495,NA,0,1,17375.5,0,0,20000,20000,20000,20000,20000,2801,4253
72712_2,17.172055732359727,-95.8981075454672,LT05,024048,2000-07-21,964196708531,NA,0.03794109843459804,0.5776435396276828,8755.833333333334,-0.01449378186351519,0.1292487551418056,20000,7181,7252,7824,6033,2807,4245
72712_2,17.172055732359727,-95.8981075454672,LT05,024048,2000-09-07,968343971771,NA,0.5794933173748255,2.636278195488722,1782.8333333333333,2.256135445790618,0.2797801842573137,942,1196,1054,3959,2228,2869,1318
72712_2,17.172055732359727,-95.8981075454672,LT05,024048,2000-09-23,969726381748,0.8287726903278244,0.8287726903278244,6.200768491834774,1101.1666666666667,2.469325153374233,0.3733468972533062,290,435,316,3375,1540,2924,651
72712_2,17.172055732359727,-95.8981075454672,LT05,024048,2000-10-09,971108792662,NA,0,0.5363333333333333,14996,0,0.5331544653123802,20000,20000,20000,20000,6090,2766,3886
72712_2,17.172055732359727,-95.8981075454672,LE07,024048,2000-10-17,971800692442,0.7956531481066547,0.7956531481066547,6.395710059171598,1454,2.17906234658812,0.26663505610874033,356,540,456,4007,2320,2934,1045
72712_2,17.172055732359727,-95.8981075454672,LT05,024048,2000-10-25,972491207084,0.6778939217963608,0.6778939217963608,3.6915022150624246,1771.6666666666667,2.1162678269277255,0.28414814814814815,692,959,832,4334,2416,2869,1397
72712_2,17.172055732359727,-95.8981075454672,LE07,024048,2000-11-02,973183104560,NA,-0.6032064128256514,0.13356666666666667,11187.166666666666,1.5020559702982157,0.527306386917618,20000,20000,20000,4950,1532,2836,641
72712_2,17.172055732359727,-95.8981075454672,LT05,024048,2000-11-26,975256035379,NA,0.0692708764379707,0.5772957710325355,8059.333333333333,-0.01905720348630704,0.05676427286111565,20000,5543,5623,6460,5766,2802,4964
72712_2,17.172055732359727,-95.8981075454672,LT05,024048,2000-12-12,976638444416,0.8047445255474452,0.8047445255474452,6.352134146341464,1383,2.169741697416974,0.2875508543531326,328,556,428,3956,2189,2929,841
72712_2,17.172055732359727,-95.8981075454672,LT05,024048,2000-12-28,978020864833,NA,0.01229334463755828,0.4216479211424239,7248.5,-0.00332327945800749,0.23628080347898112,20000,5827,5825,5970,3688,2816,2181
72712_2,17.172055732359727,-95.8981075454672,LE07,024048,2001-01-05,978712707965,NA,0,0.5238,14894.333333333334,0,0.5555728396982189,20000,20000,20000,20000,5714,2807,3652
72712_2,17.172055732359727,-95.8981075454672,LT05,024048,2001-01-13,979403273004,NA,0.37322121604139713,1.8298233695652173,1328.3333333333333,3.6152882205513786,0.13075898801597868,952,1023,969,2123,1632,2860,1271
72712_2,17.172055732359727,-95.8981075454672,LT05,024048,2001-01-29,980785679915,0.7528089887640449,0.7528089887640449,5.7942857142857145,1207.1666666666667,2.0364741641337387,0.17829457364341086,313,494,418,2964,2067,2986,987
72712_2,17.172055732359727,-95.8981075454672,LT05,024048,2001-02-14,982168082801,NA,-0.38908181691901655,0.41809475292919,11380.333333333334,1.3210394755459134,0.20024561642901004,20000,9075,20000,8796,5861,2786,4550
72712_2,17.172055732359727,-95.8981075454672,LE07,024048,2001-02-22,982859905760,NA,-0.5358034171626032,0.2534166666666667,12345.166666666666,1.4564373382316107,0.13788235294117648,20000,20000,20000,6045,4580,2796,3446
72712_2,17.172055732359727,-95.8981075454672,LT05,024048,2001-03-02,983550491451,0.5713334812513867,0.5713334812513867,2.8009161381254404,1615.5,2.0679408930292325,0.23272410791993037,830,1042,966,3541,2204,2811,1110
72712_2,17.172055732359727,-95.8981075454672,LT05,024048,2001-03-18,984932891821,NA,-0.4185906302088875,0.42824904036782385,10998.333333333334,1.35343087790111,0.1503754122517718,20000,7414,20000,8197,6054,2836,4325
72712_2,17.172055732359727,-95.8981075454672,LE07,024048,2001-03-26,985624692805,0.7537225242259513,0.7537225242259513,4.716208308952604,1435.6666666666667,2.6272862086010873,0.2608326253186066,507,681,521,3710,2175,2929,1020
72712_2,17.172055732359727,-95.8981075454672,LT05,024048,2001-04-03,986315282307,0.6893854748603352,0.6893854748603352,4.376547231270358,1219.6666666666667,1.8316758200979664,0.2416341613631698,399,580,556,3024,1847,2964,912
72712_2,17.172055732359727,-95.8981075454672,LE07,024048,2001-04-11,987007089346,0.7757125154894672,0.7757125154894672,6.0093370681605975,1093.8333333333333,2.0514501065049977,0.23242313480971835,265,444,362,2866,1785,3020,841
72712_2,17.172055732359727,-95.8981075454672,LT05,024048,2001-05-05,989080095135,0.5223796033994335,0.5223796033994335,2.197948328267477,1296.6666666666667,3.381004767143381,0.26864966949952784,851,938,843,2687,1549,2846,912
72712_2,17.172055732359727,-95.8981075454672,LT05,024048,2001-05-21,990462494162,0.7140921409214093,0.7140921409214093,4.228395061728395,1000.5,2.414109024278516,0.2634207240948814,384,490,422,2530,1475,2964,702
72712_2,17.172055732359727,-95.8981075454672,LT05,024048,2001-06-06,991844904811,0.7200111327581409,0.7200111327581409,4.0990873533246415,1162.1666666666667,2.174680564895763,0.3179782469609725,418,613,503,3090,1599,2869,750
72712_2,17.172055732359727,-95.8981075454672,LE07,024048,2001-06-14,992536657840,NA,0.3544880785413745,1.880195599022005,2474.3333333333335,1.9423631123919307,0.11486291486291486,1641,1835,1841,3863,3067,2722,2599
72712_2,17.172055732359727,-95.8981075454672,LT05,024048,2001-06-22,993227303128,0.48874755381604695,0.48874755381604695,2.278510217534608,1535,1.871487448482578,0.22257934913619928,886,1103,1045,3043,1935,2906,1198
72712_2,17.172055732359727,-95.8981075454672,LE07,024048,2001-06-30,993919043738,0.7870538415003024,0.7870538415003024,6.05050505050505,1011.1666666666666,2.0049314224071506,0.3211091234347048,243,395,352,2954,1518,2934,605
72712_2,17.172055732359727,-95.8981075454672,LT05,024048,2001-07-08,994609706804,NA,-0.432870038687491,0.42033438579390137,10868.833333333334,1.3680206493682925,0.14096281349091958,20000,7191,20000,7916,5960,2604,4146
72712_2,17.172055732359727,-95.8981075454672,LE07,024048,2001-08-01,996683830723,NA,-0.5104599350502228,0.288,12745.833333333334,1.4370455415231531,0.09115394327076844,20000,20000,20000,6482,5399,2853,4594
72712_2,17.172055732359727,-95.8981075454672,LE07,024048,2001-09-02,999448601306,0.8708622803432775,0.8708622803432775,6.264659270998415,670.5,2.604497677829382,0.4668375520666453,159,314,158,2289,832,2939,271
72712_2,17.172055732359727,-95.8981075454672,LE07,024048,2001-10-20,1003595781120,NA,0.6281271129141311,2.777904761904762,1505,3.0188474870017328,0.32501834189288337,834,966,825,3612,1840,2892,953
72712_2,17.172055732359727,-95.8981075454672,LE07,024048,2001-12-23,1009125404380,0.7895861148197597,0.7895861148197597,6.8188340807174885,1265,1.8841595514209253,0.22366258900858135,239,482,394,3351,2126,2939,998
72712_2,17.172055732359727,-95.8981075454672,LE07,024048,2002-01-24,1011890214580,0.7739324588333798,0.7739324588333798,6.650865998176846,1221,1.8491597759402505,0.2136719495894596,248,444,405,3178,2059,2985,992
72712_2,17.172055732359727,-95.8981075454672,LE07,024048,2002-03-13,1016037416270,0.7686325340246274,0.7686325340246274,6.296844181459566,1080.5,1.9885982562038904,0.19771779679613785,252,405,357,2729,1828,2945,912
72712_2,17.172055732359727,-95.8981075454672,LE07,024048,2002-05-16,1021567005570,0.7458628841607565,0.7458628841607565,4.7432624113475175,1184,2.541792547834844,0.22547189379796723,407,573,430,2954,1867,2950,873
72712_2,17.172055732359727,-95.8981075454672,LE07,024048,2002-06-17,1024331793080,0.8519440124416796,0.8519440124416796,7.88348271446863,1002.3333333333334,2.438134235356952,0.3037004598204511,213,330,238,2977,1590,2955,666
72712_2,17.172055732359727,-95.8981075454672,LE07,024048,2002-07-03,1025714188810,NA,0.19310111599594185,1.0113876001687052,2319.8333333333335,6.106951871657754,0.3161723559037493,2317,2410,2386,3528,1833,2440,1445
72712_2,17.172055732359727,-95.8981075454672,LE07,024048,2002-07-19,1027096581300,0.5992366412213741,0.5992366412213741,2.3325753268902787,907.6666666666666,4.824830977258758,0.3520490480800258,591,643,525,2095,1004,2875,588
72712_2,17.172055732359727,-95.8981075454672,LE07,024048,2002-08-04,1028478974070,0.7906040268456376,0.7906040268456376,3.8038585209003215,453.1666666666667,5.707364341085271,0.44216216216216214,234,232,156,1334,516,2897,247
72712_2,17.172055732359727,-95.8981075454672,LE07,024048,2002-09-05,1031243762080,NA,0.6053811659192825,2.5708798882681565,1553.5,2.557279451560527,0.3519151231792843,871,1069,924,3759,1802,2728,896
72712_2,17.172055732359727,-95.8981075454672,LE07,024048,2002-09-21,1032626149310,NA,-0.5242740644767929,0.2616,12415.833333333334,1.4477838110872585,0.13811651016501048,20000,20000,20000,6242,4727,2807,3526
72712_2,17.172055732359727,-95.8981075454672,LE07,024048,2002-10-23,1035390950650,NA,0.4544536966944234,1.9789346975624436,1546.3333333333333,4.343945972021225,0.21886233876083735,1111,1131,1081,2882,1847,2881,1226
72712_2,17.172055732359727,-95.8981075454672,LE07,024048,2002-11-08,1036773355930,0.863031343924431,0.863031343924431,8.096190476190475,1392.8333333333333,2.279428441823543,0.3517133956386293,246,485,319,4339,2081,2924,887
72712_2,17.172055732359727,-95.8981075454672,LE07,024048,2002-11-24,1038155773490,0.8481973434535104,0.8481973434535104,7.865989847715736,1266.3333333333333,2.1149751596877215,0.3383716935760907,212,453,320,3896,1926,2924,791
72712_2,17.172055732359727,-95.8981075454672,LE07,024048,2003-02-12,1045067803280,NA,0.1812425801345469,1.239237490071485,2244.5,-3.931330472103004,0.1069905432968663,2131,2095,2069,2985,2408,2836,1779
72712_2,17.172055732359727,-95.8981075454672,LE07,024048,2003-02-28,1046450203870,0.4517616675890057,0.4517616675890057,2.277188016041519,2135.3333333333335,1.7056693132748293,0.158375036797174,1235,1518,1486,3935,2859,2939,1779
72712_2,17.172055732359727,-95.8981075454672,LE07,024048,2003-03-16,1047832605940,0.7333741955255899,0.7333741955255899,5.615257048092869,1160.3333333333333,1.7718051236487486,0.17833333333333334,275,496,435,2828,1972,3000,956
72712_2,17.172055732359727,-95.8981075454672,LE07,024048,2003-04-17,1050597407790,0.7048070412999323,0.7048070412999323,4.39409594095941,1073.1666666666667,2.437939110070258,0.18885741265344663,400,519,436,2518,1718,2970,848
72712_2,17.172055732359727,-95.8981075454672,LE07,024048,2003-05-19,1053362203180,0.7859190825103536,0.7859190825103536,5.40017667844523,1055.3333333333333,2.8989424206815513,0.25751458052938536,359,437,336,2803,1655,2985,742
72712_2,17.172055732359727,-95.8981075454672,LE07,024048,2003-07-22,1058891794460,NA,0.1842555618938962,1.3044405662206708,3838.3333333333335,1.6356086692323273,0.11349495816348425,3223,3516,3575,5190,4132,2864,3394
72712_2,17.172055732359727,-95.8981075454672,LE07,024048,2003-08-23,1061656586350,NA,NA,NA,NA,NA,NA,NA,NA,NA,NA,NA,NA,NA
72712_2,17.172055732359727,-95.8981075454672,LE07,024048,2003-09-24,1064421374200,0.824468085106383,0.824468085106383,6.159631619339985,1355.1666666666667,2.4616199047114877,0.3559545379673859,362,545,396,4116,1955,2918,757
72712_2,17.172055732359727,-95.8981075454672,LE07,024048,2003-10-10,1065803766020,NA,0.31769856160100063,1.4778733866011062,2558.6666666666665,3.947163947163947,0.21862348178137653,2136,2190,2182,4214,2702,2772,1928
72712_2,17.172055732359727,-95.8981075454672,LE07,024048,2003-11-27,1069951003310,0.8688754083061129,0.8688754083061129,8.5649419218585,1310,2.2531461761858664,0.32221855397821064,208,458,281,4005,2053,2980,855
72712_2,17.172055732359727,-95.8981075454672,LE07,024048,2003-12-13,1071333408820,0.8537822878228782,0.8537822878228782,7.967551622418879,1326.1666666666667,2.1513249651324964,0.32618379805312653,216,484,317,4019,2042,2980,879
72712_2,17.172055732359727,-95.8981075454672,LE07,024048,2004-01-30,1075480627370,0.6912509038322487,0.6912509038322487,4.409591194968553,1004.6666666666666,2.185642432556013,0.17715148465022648,362,483,427,2339,1635,2897,782
72712_2,17.172055732359727,-95.8981075454672,LE07,024048,2004-03-18,1079627839050,NA,0.28038101090797357,1.4934760299076382,2705,2.0738636363636367,0.16120941897728855,2136,2343,2342,4167,3010,2886,2232
72712_2,17.172055732359727,-95.8981075454672,LE07,024048,2004-04-19,1082392629840,0.7630331753554502,0.7630331753554502,5.745291479820628,1104.8333333333333,2.084772099447514,0.213571117877338,286,454,375,2790,1808,2945,916
72712_2,17.172055732359727,-95.8981075454672,LE07,024048,2004-06-22,1087922224120,NA,0.23945635421045255,1.0690709046454767,2740.3333333333335,6.255490483162518,0.34356014580801947,2670,2796,2714,4423,2161,2431,1678
72712_2,17.172055732359727,-95.8981075454672,LE07,024048,2004-07-08,1089304622600,NA,0,1,17342.833333333332,0,0,20000,20000,20000,20000,20000,2753,4057
72712_2,17.172055732359727,-95.8981075454672,LE07,024048,2004-08-09,1092069411100,NA,NA,NA,NA,NA,NA,NA,NA,NA,NA,NA,NA,NA
72712_2,17.172055732359727,-95.8981075454672,LE07,024048,2004-09-26,1096216598670,0.7051306503909975,0.7051306503909975,3.933791917454858,1720.6666666666667,2.258951484785531,0.31277533039647576,669,884,773,4470,2340,2886,1188
72712_2,17.172055732359727,-95.8981075454672,LE07,024048,2004-10-28,1098981412100,0.8208333333333333,0.8208333333333333,6.544787077826725,1512.3333333333333,2.284852702389237,0.31586871424269797,352,580,430,4370,2272,2934,1070
72712_2,17.172055732359727,-95.8981075454672,LE07,024048,2004-11-13,1100363819120,0.951397326852977,0.951397326852977,7.374331550802139,242.16666666666663,5.77433628318584,0.47204399633363886,78,89,20,803,288,2886,175
72712_2,17.172055732359727,-95.8981075454672,LE07,024048,2004-11-29,1101746228950,0.8263959390862944,0.8263959390862944,7.2409302325581395,1270.8333333333333,2.2495509188890424,0.2644526445264453,271,462,342,3598,2093,2945,859
72712_2,17.172055732359727,-95.8981075454672,LE07,024048,2004-12-31,1104511043710,0.5652173913043478,0.5652173913043478,2.5655384615384613,1793.3333333333333,2.9334916864608074,0.2436363636363636,1029,1176,1045,3762,2288,2864,1460
72712_2,17.172055732359727,-95.8981075454672,LE07,024048,2005-02-01,1107275851180,NA,0.3076619273301738,1.5339560225724849,2074,2.349924585218703,0.1831338216901912,1623,1763,1753,3311,2286,2864,1708
72712_2,17.172055732359727,-95.8981075454672,LE07,024048,2005-02-17,1108658260230,NA,NA,NA,NA,NA,NA,NA,NA,NA,NA,NA,NA,NA
72712_2,17.172055732359727,-95.8981075454672,LE07,024048,2005-03-05,1110040664380,NA,-0.4284183837445988,0.80005,15622.333333333334,1.3635433715220948,-0.4284183837445988,20000,20000,20000,8003,20000,2836,5731
72712_2,17.172055732359727,-95.8981075454672,LE07,024048,2005-03-21,1111423064560,0.8055646481178396,0.8055646481178396,7.254716981132075,1014.1666666666666,1.8924946170409105,0.23815937149270483,172,379,297,2758,1697,2995,782
72712_2,17.172055732359727,-95.8981075454672,LE07,024048,2005-04-06,1112805460470,0.7865168539325843,0.7865168539325843,5.713764813126709,1075,2.4681684622918705,0.2538882803943045,315,440,342,2862,1703,2980,788
72712_2,17.172055732359727,-95.8981075454672,LE07,024048,2005-04-22,1114187855190,NA,NA,NA,NA,NA,NA,NA,NA,NA,NA,NA,NA,NA
72712_2,17.172055732359727,-95.8981075454672,LE07,024048,2005-05-08,1115570259580,NA,NA,NA,NA,NA,NA,NA,NA,NA,NA,NA,NA,NA
72712_2,17.172055732359727,-95.8981075454672,LE07,024048,2005-05-24,1116952658280,0.7946243969676086,0.7946243969676086,6.222222222222222,917.6666666666666,2.067790530846485,0.28719723183391005,214,370,298,2604,1442,2960,578
72712_2,17.172055732359727,-95.8981075454672,LE07,024048,2005-06-09,1118335052290,NA,NA,NA,NA,NA,NA,NA,NA,NA,NA,NA,NA,NA
72712_2,17.172055732359727,-95.8981075454672,LE07,024048,2005-07-11,1121099848400,0.8109090909090909,0.8109090909090909,6.066304347826087,946.6666666666666,2.283134772896501,0.31682692307692306,236,398,286,2739,1421,2934,600
72712_2,17.172055732359727,-95.8981075454672,LE07,024048,2005-08-12,1123864643440,0.77914715306877,0.77914715306877,4.356207111665627,1263.3333333333333,3.7532652576585135,0.3629154078549849,559,596,448,3609,1687,2897,681
72712_2,17.172055732359727,-95.8981075454672,LE07,024048,2005-09-13,1126629426230,0.8428256070640177,0.8428256070640177,7.667307692307692,650.1666666666666,2.0945797673908273,0.3743826144221271,117,225,178,2087,950,2924,344
72712_2,17.172055732359727,-95.8981075454672,LE07,024048,2005-09-29,1128011827090,0.847910592808552,0.847910592808552,7.368780487804878,1248.6666666666667,2.333199625618398,0.33955618175413876,259,453,313,3803,1875,2913,789
72712_2,17.172055732359727,-95.8981075454672,LE07,024048,2005-10-15,1129394230520,NA,NA,NA,NA,NA,NA,NA,NA,NA,NA,NA,NA,NA
72712_2,17.172055732359727,-95.8981075454672,LE07,024048,2005-10-31,1130776643430,NA,NA,NA,NA,NA,NA,NA,NA,NA,NA,NA,NA,NA
72712_2,17.172055732359727,-95.8981075454672,LE07,024048,2006-01-19,1137688677870,NA,NA,NA,NA,NA,NA,NA,NA,NA,NA,NA,NA,NA
72712_2,17.172055732359727,-95.8981075454672,LE07,024048,2006-02-20,1140453487550,NA,NA,NA,NA,NA,NA,NA,NA,NA,NA,NA,NA,NA
72712_2,17.172055732359727,-95.8981075454672,LE07,024048,2006-03-08,1141835888910,0.7934272300469484,0.7934272300469484,6.763671875,1168.5,2.0245582509733455,0.2246042877178922,244,428,352,3056,1935,2955,996
72712_2,17.172055732359727,-95.8981075454672,LE07,024048,2006-04-09,1144600685190,NA,0,1,17328.166666666668,0,0,20000,20000,20000,20000,20000,2819,3969
72712_2,17.172055732359727,-95.8981075454672,LE07,024048,2006-04-25,1145983084210,NA,NA,NA,NA,NA,NA,NA,NA,NA,NA,NA,NA,NA
72712_2,17.172055732359727,-95.8981075454672,LE07,024048,2006-05-11,1147365486880,0.5166666666666667,0.5166666666666667,2.3579676674364896,1530.8333333333333,3.985196727697702,0.18344827586206897,995,1079,957,3003,2072,2965,1079
72712_2,17.172055732359727,-95.8981075454672,LE07,024048,2006-06-12,1150130283520,NA,NA,NA,NA,NA,NA,NA,NA,NA,NA,NA,NA,NA
72712_2,17.172055732359727,-95.8981075454672,LE07,024048,2006-07-30,1154277464300,NA,-0.4351835240931434,0.79785,15339.333333333334,1.3703226681127982,-0.4351835240931434,20000,20000,20000,7871,20000,2772,4165
72712_2,17.172055732359727,-95.8981075454672,LE07,024048,2006-08-15,1155659862990,0.6447003625506504,0.6447003625506504,3.06546452371619,1564.8333333333333,2.465742251223491,0.3210003425830764,772,946,833,3856,1982,2801,1000
72712_2,17.172055732359727,-95.8981075454672,LE07,024048,2006-08-31,1157042259840,0.7717698836843759,0.7717698836843759,4.550600343053174,956.3333333333334,2.671963430561602,0.3874938453963565,360,443,363,2818,1244,2886,510
72712_2,17.172055732359727,-95.8981075454672,LE07,024048,2006-09-16,1158424654560,NA,0,1,17343.666666666668,0,0,20000,20000,20000,20000,20000,2747,4062
72712_2,17.172055732359727,-95.8981075454672,LE07,024048,2006-10-02,1159807047150,NA,NA,NA,NA,NA,NA,NA,NA,NA,NA,NA,NA,NA
72712_2,17.172055732359727,-95.8981075454672,LE07,024048,2006-10-18,1161189455000,NA,NA,NA,NA,NA,NA,NA,NA,NA,NA,NA,NA,NA
72712_2,17.172055732359727,-95.8981075454672,LE07,024048,2007-01-06,1168101495890,0.8540035362465269,0.8540035362465269,7.876416065911432,1231.6666666666667,2.374297752808989,0.2970489485774872,246,436,289,3670,1989,2950,760
72712_2,17.172055732359727,-95.8981075454672,LE07,024048,2007-01-22,1169483898680,NA,0.4302126998913212,2.0248447204968945,2607.1666666666665,2.644588661958389,0.174251115360102,1733,1906,1835,4606,3239,2886,2324
72712_2,17.172055732359727,-95.8981075454672,LE07,024048,2007-02-07,1170866305940,NA,NA,NA,NA,NA,NA,NA,NA,NA,NA,NA,NA,NA
72712_2,17.172055732359727,-95.8981075454672,LE07,024048,2007-02-23,1172248710990,NA,NA,NA,NA,NA,NA,NA,NA,NA,NA,NA,NA,NA
72712_2,17.172055732359727,-95.8981075454672,LE07,024048,2007-03-27,1175013515050,NA,-0.42770460791662207,0.8002833333333333,15589.5,1.3628195796560822,-0.42770460791662207,20000,20000,20000,8017,20000,2836,5520
72712_2,17.172055732359727,-95.8981075454672,LE07,024048,2007-04-12,1176395913850,0.7487706750111757,0.7487706750111757,4.933667083854819,718.5,1.981779460482726,0.32655137334689727,204,314,281,1956,993,2955,563
72712_2,17.172055732359727,-95.8981075454672,LE07,024048,2007-04-28,1177778310670,0.7641618497109827,0.7641618497109827,5.3990066225165565,1126.5,2.200765773264525,0.275120116983497,333,467,408,3052,1735,2970,764
72712_2,17.172055732359727,-95.8981075454672,LE07,024048,2007-05-14,1179160705150,NA,NA,NA,NA,NA,NA,NA,NA,NA,NA,NA,NA,NA
72712_2,17.172055732359727,-95.8981075454672,LE07,024048,2007-05-30,1180543097980,NA,0,1,17385.666666666668,0,0,20000,20000,20000,20000,20000,2614,4314
72712_2,17.172055732359727,-95.8981075454672,LE07,024048,2007-08-02,1186072689710,0.8,0.8,5.226141078838174,900.5,2.3694466095089632,0.40776948803704655,266,394,304,2736,1151,2929,552
72712_2,17.172055732359727,-95.8981075454672,LE07,024048,2007-08-18,1187455083730,NA,NA,NA,NA,NA,NA,NA,NA,NA,NA,NA,NA,NA
72712_2,17.172055732359727,-95.8981075454672,LE07,024048,2007-09-19,1190219870480,NA,-0.47688672278836214,0.2934,12655,1.4091206633209687,0.14776409591704473,20000,20000,20000,7084,5260,2790,3586
72712_2,17.172055732359727,-95.8981075454672,LE07,024048,2007-10-05,1191602261840,NA,0.2692056013610784,1.4314677673910403,3205.8333333333335,2.6344774590163933,0.165625,2620,2825,2792,4849,3471,2796,2678
72712_2,17.172055732359727,-95.8981075454672,LE07,024048,2007-11-22,1195749493590,0.8517122211749921,0.8517122211749921,7.490566037735849,973.3333333333334,2.378904878904879,0.3241968097056841,202,357,236,2947,1504,2945,594
72712_2,17.172055732359727,-95.8981075454672,LE07,024048,2007-12-08,1197131899480,0.8185745140388769,0.8185745140388769,7.668351870576339,1241.8333333333333,2.021333333333333,0.23009495982468955,218,435,336,3368,2108,2960,986
72712_2,17.172055732359727,-95.8981075454672,LE07,024048,2008-01-09,1199896704220,NA,NA,NA,NA,NA,NA,NA,NA,NA,NA,NA,NA,NA
72712_2,17.172055732359727,-95.8981075454672,LE07,024048,2008-02-26,1204043896090,0.7618045112781955,0.7618045112781955,6.5004766444232605,1140.3333333333333,1.7757992148065058,0.2018875666803447,232,421,396,2929,1945,3015,919
72712_2,17.172055732359727,-95.8981075454672,LE07,024048,2008-03-13,1205426290840,0.7491808162049449,0.7491808162049449,5.178829190056135,1135.1666666666667,2.109545378292233,0.25015967638918457,331,495,421,2936,1761,2924,867
72712_2,17.172055732359727,-95.8981075454672,LE07,024048,2008-04-30,1209573487130,NA,NA,NA,NA,NA,NA,NA,NA,NA,NA,NA,NA,NA
72712_2,17.172055732359727,-95.8981075454672,LE07,024048,2008-05-16,1210955881820,0.6319503245836862,0.6319503245836862,2.9735376044568245,1270.1666666666667,4.141694413614502,0.24397590361445784,727,775,652,2891,1757,2980,819
72712_2,17.172055732359727,-95.8981075454672,LT05,024048,2008-05-24,1211646979320,0.6979038224414303,0.6979038224414303,4.0395256916996045,1112.3333333333333,2.487912087912088,0.23970290344361916,456,572,490,2754,1689,2977,713
72712_2,17.172055732359727,-95.8981075454672,LE07,024048,2008-06-17,1213720665760,0.7245663991716282,0.7245663991716282,4.287170263788969,1290.1666666666667,2.4368796796099597,0.2711314634611715,487,649,532,3331,1910,2934,832
72712_2,17.172055732359727,-95.8981075454672,LE07,024048,2008-07-19,1216485443260,NA,0.16480582524271845,1.031624758220503,3421.6666666666665,-19.51149425287356,0.2411741885426096,3416,3483,3441,4799,2934,2440,2457
72712_2,17.172055732359727,-95.8981075454672,LE07,024048,2008-08-04,1217867836480,NA,NA,NA,NA,NA,NA,NA,NA,NA,NA,NA,NA,NA
72712_2,17.172055732359727,-95.8981075454672,LE07,024048,2008-11-08,1226162226760,NA,-0.5185452336661478,0.29001666666666664,12743.333333333334,1.4433806746132385,0.06831774913655125,20000,20000,20000,6341,5530,2819,4589
72712_2,17.172055732359727,-95.8981075454672,LE07,024048,2008-11-24,1227544639350,NA,0.09217931302154084,0.5201698513800425,7301.333333333333,-0.0204207973998951,0.08137188971082716,20000,4524,4678,5628,4781,2784,4197
72712_2,17.172055732359727,-95.8981075454672,LE07,024048,2008-12-10,1228927049760,0.8359589897474369,0.8359589897474369,7.286618444846293,1308.8333333333333,2.381054131054131,0.2518329070758738,284,494,328,3671,2194,2955,882
72712_2,17.172055732359727,-95.8981075454672,LE07,024048,2008-12-26,1230309458140,0.8450565666502705,0.8450565666502705,7.764187866927592,1285.3333333333333,2.1599195373397033,0.2839294882765703,222,485,315,3751,2092,2939,847
72712_2,17.172055732359727,-95.8981075454672,LE07,024048,2009-01-27,1233074268340,0.8029034059184813,0.8029034059184813,7.023320895522388,1244.6666666666667,2.1637074932290097,0.2005949061163785,270,449,353,3229,2150,2934,1017
72712_2,17.172055732359727,-95.8981075454672,LE07,024048,2009-02-12,1234456675750,NA,NA,NA,NA,NA,NA,NA,NA,NA,NA,NA,NA,NA
72712_2,17.172055732359727,-95.8981075454672,LE07,024048,2009-02-28,1235839085030,NA,NA,NA,NA,NA,NA,NA,NA,NA,NA,NA,NA,NA
72712_2,17.172055732359727,-95.8981075454672,LE07,024048,2009-04-01,1238603899250,NA,NA,NA,NA,NA,NA,NA,NA,NA,NA,NA,NA,NA
72712_2,17.172055732359727,-95.8981075454672,LE07,024048,2009-04-17,1239986304150,0.7393767705382436,0.7393767705382436,5.448384554767533,1187.1666666666667,2.0070747462319285,0.2299679487179487,344,465,460,3070,1922,2960,862
72712_2,17.172055732359727,-95.8981075454672,LE07,024048,2009-05-03,1241368707520,0.7053872053872053,0.7053872053872053,4.4515463917525775,1168.3333333333333,1.9473276529821844,0.27742749054224464,395,535,525,3039,1719,2913,797
72712_2,17.172055732359727,-95.8981075454672,LE07,024048,2009-06-04,1244133509300,0.8321861684693543,0.8321861684693543,7.640726329442283,957.6666666666666,2.206291275634342,0.2871287128712871,194,321,256,2795,1548,2939,632
72712_2,17.172055732359727,-95.8981075454672,LE07,024048,2009-07-06,1246898304650,0.844592451633365,0.844592451633365,7.645077720207253,965.8333333333334,2.176364825106244,0.3203178206583428,176,351,245,2908,1497,2945,618
72712_2,17.172055732359727,-95.8981075454672,LE07,024048,2009-07-22,1248280700190,NA,NA,NA,NA,NA,NA,NA,NA,NA,NA,NA,NA,NA
72712_2,17.172055732359727,-95.8981075454672,LE07,024048,2009-08-07,1249663094400,NA,NA,NA,NA,NA,NA,NA,NA,NA,NA,NA,NA,NA
72712_2,17.172055732359727,-95.8981075454672,LE07,024048,2009-10-26,1256575102690,NA,0.13811659192825113,0.37199680627132176,6216,-0.02527511304048121,0.3248075166383923,20000,3710,3844,5076,2587,2394,2079
72712_2,17.172055732359727,-95.8981075454672,LE07,024048,2009-12-13,1260722340500,NA,0.4915764139590854,2.0117025292563233,1263.6666666666667,6.212927756653992,0.2699795081967213,919,885,845,2479,1425,2870,1029
72712_2,17.172055732359727,-95.8981075454672,LE07,024048,2010-01-14,1263487173280,NA,0,0.5212,14964.833333333334,0,0.5603058199407084,20000,20000,20000,20000,5636,2578,4153
72712_2,17.172055732359727,-95.8981075454672,LT05,024048,2010-01-22,1264178332250,0.7612547197211734,0.7612547197211734,6.206293706293707,1194.3333333333333,1.8006320417697168,0.196999605211212,248,485,411,3032,2034,2981,956
72712_2,17.172055732359727,-95.8981075454672,LT05,024048,2010-02-23,1266943138560,NA,0.04938101788170564,0.507590076786769,8378,-0.01778918576072306,0.22969052224371372,20000,6949,6911,7629,4779,2373,4000
72712_2,17.172055732359727,-95.8981075454672,LE07,024048,2010-03-03,1267634406330,NA,NA,NA,NA,NA,NA,NA,NA,NA,NA,NA,NA,NA
72712_2,17.172055732359727,-95.8981075454672,LE07,024048,2010-03-19,1269016812240,0.76603287141476,0.76603287141476,6.300902708124373,1045.8333333333333,1.976550806585731,0.2148082465085347,255,379,363,2740,1771,2924,767
72712_2,17.172055732359727,-95.8981075454672,LE07,024048,2010-04-20,1271781615380,NA,0.29278951201748,1.573404255319149,2309.5,1.9345524542829649,0.14294913071474566,1750,1948,1942,3550,2662,2881,2005
72712_2,17.172055732359727,-95.8981075454672,LE07,024048,2010-05-06,1273164012650,0.7965156794425087,0.7965156794425087,5.233954451345756,878.1666666666666,2.7662149080348497,0.35079905685093005,302,372,292,2578,1239,2945,486
72712_2,17.172055732359727,-95.8981075454672,LE07,024048,2010-05-22,1274546409430,NA,0.35456919060052217,1.5723325716294605,2324.8333333333335,9.821600771456124,0.21252726706138983,1933,1902,1854,3891,2527,2918,1842
72712_2,17.172055732359727,-95.8981075454672,LE07,024048,2010-06-07,1275928811090,0.7220135236664162,0.7220135236664162,4.052752293577981,1310.5,2.7572685539403214,0.3089663049685894,554,635,555,3438,1815,2892,866
72712_2,17.172055732359727,-95.8981075454672,LE07,024048,2010-06-23,1277311213060,NA,NA,NA,NA,NA,NA,NA,NA,NA,NA,NA,NA,NA
72712_2,17.172055732359727,-95.8981075454672,LE07,024048,2010-09-11,1284223220130,NA,0.44304635761589406,1.6234261732163295,1089.8333333333333,6.070780399274048,0.354678271681691,890,890,841,2179,1038,2772,701
72712_2,17.172055732359727,-95.8981075454672,LE07,024048,2010-10-13,1286988024700,NA,-0.5645167598857903,0.34344471834200674,9638.333333333334,1.476854125736739,0.08023673231784224,20000,3812,20000,5567,4740,2853,3711
72712_2,17.172055732359727,-95.8981075454672,LE07,024048,2010-11-14,1289752846000,0.8689769760265844,0.8689769760265844,8.711183496199784,1289.8333333333333,2.294434695412384,0.31672240802675583,214,431,276,3937,2043,2929,838
72712_2,17.172055732359727,-95.8981075454672,LE07,024048,2010-11-30,1291135256990,0.8372379778051788,0.8372379778051788,8.494493392070485,1248.1666666666667,2.0215553173752534,0.3026752928833712,201,377,330,3725,1994,2975,862
72712_2,17.172055732359727,-95.8981075454672,LE07,024048,2010-12-16,1292517664680,0.8443316412859561,0.8443316412859561,8.064814814814815,1274.1666666666667,2.2678872873652773,0.30942165779989705,253,397,322,3815,2012,2960,846
72712_2,17.172055732359727,-95.8981075454672,LE07,024048,2011-01-01,1293900073590,0.796687088722487,0.796687088722487,6.417057902973396,1386.6666666666667,2.0699209998820893,0.3023026315789474,321,509,448,3959,2121,2929,962
72712_2,17.172055732359727,-95.8981075454672,LE07,024048,2011-01-17,1295282481450,0.8165322580645161,0.8165322580645161,7.022140221402214,1261.1666666666667,2.1868250539956806,0.28530670470756064,278,442,364,3604,2004,2929,875
72712_2,17.172055732359727,-95.8981075454672,LT05,024048,2011-01-25,1295973478450,NA,0.45222421703570714,2.126099706744868,1992.6666666666667,2.1115871833084947,0.17990275526742305,1226,1493,1373,3640,2530,2888,1694
72712_2,17.172055732359727,-95.8981075454672,LE07,024048,2011-02-18,1298047290480,NA,NA,NA,NA,NA,NA,NA,NA,NA,NA,NA,NA,NA
72712_2,17.172055732359727,-95.8981075454672,LE07,024048,2011-03-06,1299429695840,NA,NA,NA,NA,NA,NA,NA,NA,NA,NA,NA,NA,NA
72712_2,17.172055732359727,-95.8981075454672,LT05,024048,2011-03-14,1300120676490,NA,0.4413235859946133,1.858807709547288,993,3.2771428571428576,0.2445182724252492,714,791,726,1873,1137,2902,717
72712_2,17.172055732359727,-95.8981075454672,LE07,024048,2011-03-22,1300812095990,NA,-0.5503875968992248,0.2708,12603.666666666666,1.467002768709451,0.05224963715529753,20000,20000,20000,5800,5224,2836,4598
72712_2,17.172055732359727,-95.8981075454672,LE07,024048,2011-04-07,1302194500390,NA,NA,NA,NA,NA,NA,NA,NA,NA,NA,NA,NA,NA
72712_2,17.172055732359727,-95.8981075454672,LE07,024048,2011-04-23,1303576898950,0.797979797979798,0.797979797979798,6.245787908820614,1070,2.149143863018083,0.29759862778730706,259,410,340,3026,1638,2975,747
72712_2,17.172055732359727,-95.8981075454672,LE07,024048,2011-05-09,1304959298670,0.6767460529836767,0.6767460529836767,3.167768174885613,1233.3333333333333,3.087158203125,0.33831695856471594,628,735,604,3133,1549,2881,751
72712_2,17.172055732359727,-95.8981075454672,LE07,024048,2011-05-25,1306341698160,0.7279855247285887,0.7279855247285887,4.445652173913044,1092.6666666666667,2.3671308099627377,0.2733333333333333,403,526,451,2865,1635,3010,676
72712_2,17.172055732359727,-95.8981075454672,LE07,024048,2011-06-10,1307724098760,NA,-0.3526308670363858,0.8262,18262,1.2762520193861064,-0.3526308670363858,20000,20000,20000,9572,20000,2772,20000
72712_2,17.172055732359727,-95.8981075454672,LE07,024048,2011-08-29,1314636085080,0.8581235697940504,0.8581235697940504,8.272445820433436,1303.5,2.3564157345733316,0.3448161642928122,259,400,310,4060,1978,2908,814
72712_2,17.172055732359727,-95.8981075454672,LE07,024048,2011-11-01,1320165684190,NA,-0.4590552617180376,0.3135833333333333,12878.666666666666,1.3931323060573857,0.13076629813191,20000,20000,20000,7415,5700,2796,4157
72712_2,17.172055732359727,-95.8981075454672,LE07,024048,2011-12-03,1322930507800,0.805146140394704,0.805146140394704,7.170444242973708,1311,2.0390990763001393,0.25429612914424576,267,446,390,3613,2148,2929,1002
72712_2,17.172055732359727,-95.8981075454672,LE07,024048,2011-12-19,1324312915080,0.8222907036466358,0.8222907036466358,7.659783677482792,1260,2.1219350563286947,0.25171988004939144,247,424,346,3548,2121,2908,874
72712_2,17.172055732359727,-95.8981075454672,LE07,024048,2012-01-20,1327077723260,0.8039116078232157,0.8039116078232157,7.055504162812211,1252.6666666666667,1.9167877906976745,0.2707103238504205,232,463,386,3551,2038,2939,846
72712_2,17.172055732359727,-95.8981075454672,LE07,024048,2012-02-05,1328460128280,0.7942078364565588,0.7942078364565588,4.8237924865831845,958.1666666666666,3.3665511265164643,0.3122352354846748,362,454,302,2633,1380,2892,618
72712_2,17.172055732359727,-95.8981075454672,LE07,024048,2012-02-21,1329842531250,NA,NA,NA,NA,NA,NA,NA,NA,NA,NA,NA,NA,NA
72712_2,17.172055732359727,-95.8981075454672,LE07,024048,2012-03-24,1332607330490,NA,NA,NA,NA,NA,NA,NA,NA,NA,NA,NA,NA,NA
72712_2,17.172055732359727,-95.8981075454672,LE07,024048,2012-04-25,1335372141520,0.7371194379391101,0.7371194379391101,5.289495450785774,1120.6666666666667,1.8170010102467888,0.26767784661397137,293,467,449,2967,1714,2924,834
72712_2,17.172055732359727,-95.8981075454672,LE07,024048,2012-06-12,1339519346440,NA,0,1,17537,0,0,20000,20000,20000,20000,20000,2709,5222
72712_2,17.172055732359727,-95.8981075454672,LE07,024048,2012-07-30,1343666578410,NA,-0.4724287712581904,0.7861,15216.5,1.4052029956641705,-0.4724287712581904,20000,20000,20000,7166,20000,2813,4133
72712_2,17.172055732359727,-95.8981075454672,LE07,024048,2012-08-15,1345048991250,0.8028643639427128,0.8028643639427128,6.439646712463199,1104.6666666666667,2.0193530159627064,0.31395824805566924,237,431,351,3210,1676,2945,723
72712_2,17.172055732359727,-95.8981075454672,LE07,024048,2012-08-31,1346431400670,NA,NA,NA,NA,NA,NA,NA,NA,NA,NA,NA,NA,NA
72712_2,17.172055732359727,-95.8981075454672,LE07,024048,2012-09-16,1347813809430,NA,NA,NA,NA,NA,NA,NA,NA,NA,NA,NA,NA,NA
72712_2,17.172055732359727,-95.8981075454672,LE07,024048,2012-10-02,1349196219780,NA,-0.49081286571503113,0.22948333333333337,12220.333333333334,1.4210333218232043,0.3264077669902913,20000,20000,20000,6831,3469,2314,3022
72712_2,17.172055732359727,-95.8981075454672,LE07,024048,2012-11-03,1351961033210,NA,0.1282798833819242,0.7889033811578208,2935.8333333333335,-2.643364281813217,0.404950495049505,3321,3357,3289,4257,1803,2440,1588
72712_2,17.172055732359727,-95.8981075454672,LE07,024048,2012-11-19,1353343441570,0.6108682073703935,0.6108682073703935,3.000559284116331,1095.5,2.1419185282522997,0.2985901309164149,538,627,623,2579,1393,2881,813
72712_2,17.172055732359727,-95.8981075454672,LE07,024048,2012-12-05,1354725841430,NA,0.12647909545095976,1.0447371066653262,3262.1666666666665,-5.619158878504673,0.16762060506950122,3286,3339,3322,4284,3054,2784,2288
72712_2,17.172055732359727,-95.8981075454672,LE07,024048,2013-01-06,1357490652730,NA,0,0.4829,14543.333333333334,0,0.6335198268468983,20000,20000,20000,20000,4487,2796,2773
72712_2,17.172055732359727,-95.8981075454672,LE07,024048,2013-02-07,1360255455790,NA,NA,NA,NA,NA,NA,NA,NA,NA,NA,NA,NA,NA
72712_2,17.172055732359727,-95.8981075454672,LE07,024048,2013-02-23,1361637852190,0.8030480656506448,0.8030480656506448,6.618677042801556,1126.5,2.174258054277099,0.24534412955465587,259,433,336,3076,1864,2975,791
72712_2,17.172055732359727,-95.8981075454672,LE07,024048,2013-03-11,1363020251180,NA,-0.410636196924813,0.30666666666666664,12851.333333333334,1.3450076237120547,0.24921512931678877,20000,20000,20000,8356,5022,2801,3730
72712_2,17.172055732359727,-95.8981075454672,LE07,024048,2013-04-12,1365785043670,NA,-0.4196479273140261,0.8029333333333334,15325.666666666666,1.354534207029281,-0.4196479273140261,20000,20000,20000,8176,20000,2864,3778
72712_2,17.172055732359727,-95.8981075454672,LE07,024048,2013-05-14,1368549835380,NA,NA,NA,NA,NA,NA,NA,NA,NA,NA,NA,NA,NA
72712_2,17.172055732359727,-95.8981075454672,LE07,024048,2013-06-15,1371314622400,NA,-0.5110305228165609,0.7745333333333333,15191,1.4374973434777063,-0.5110305228165609,20000,20000,20000,6472,20000,2836,4674
72712_2,17.172055732359727,-95.8981075454672,LE07,024048,2013-07-01,1372697014020,0.8198553583168968,0.8198553583168968,7.104591836734694,928,1.9588438579956016,0.3278963780283041,164,346,274,2768,1401,2929,615
72712_2,17.172055732359727,-95.8981075454672,LE07,024048,2013-07-17,1374079405010,NA,NA,NA,NA,NA,NA,NA,NA,NA,NA,NA,NA,NA
72712_2,17.172055732359727,-95.8981075454672,LE07,024048,2013-08-02,1375461798040,0.7504474558936334,0.7504474558936334,4.842214532871973,1243.6666666666667,2.0686495630109953,0.31401151631477925,374,583,488,3423,1787,2892,807
72712_2,17.172055732359727,-95.8981075454672,LE07,024048,2013-08-18,1376844202360,NA,NA,NA,NA,NA,NA,NA,NA,NA,NA,NA,NA,NA
72712_2,17.172055732359727,-95.8981075454672,LE07,024048,2013-10-05,1380991435780,0.8164251207729468,0.8164251207729468,6.819354838709677,1049.1666666666667,2.2623828647925035,0.2868449197860963,246,380,304,3008,1667,2918,690
72712_2,17.172055732359727,-95.8981075454672,LE07,024048,2013-10-21,1382373846050,0.7084886128364389,0.7084886128364389,4.18957345971564,1623.1666666666667,2.110521771308745,0.27286749961437606,573,833,704,4126,2357,2881,1146
72712_2,17.172055732359727,-95.8981075454672,LE07,024048,2013-11-06,1383756251160,0.8190709046454768,0.8190709046454768,4.5125858123569795,354.3333333333333,2.845413363533409,0.44559585492227977,120,206,111,1116,428,2897,145
72712_2,17.172055732359727,-95.8981075454672,LE07,024048,2013-11-22,1385138655650,NA,-0.5148646089755728,0.27668333333333334,12596.666666666666,1.4405145375943038,0.11362253325219508,20000,20000,20000,6405,5098,2778,4077
72712_2,17.172055732359727,-95.8981075454672,LE07,024048,2013-12-08,1386521063940,0.8387096774193549,0.8387096774193549,7.112107623318385,1301.3333333333333,2.425098925946863,0.2870338693123503,294,491,330,3762,2084,2913,847
72712_2,17.172055732359727,-95.8981075454672,LE07,024048,2013-12-24,1387903466400,NA,0,0.47423333333333334,14534.166666666666,0,0.6510504808684525,20000,20000,20000,20000,4227,2690,2978
72712_2,17.172055732359727,-95.8981075454672,LE07,024048,2014-01-09,1389285868790,NA,0.24532710280373832,1.6548199402421764,2729,1.4830508474576272,0.047004349656236843,1976,2122,2261,3731,3396,2830,2888
72712_2,17.172055732359727,-95.8981075454672,LE07,024048,2014-01-25,1390668289660,NA,0.12207792207792208,1.0585785423268448,3608,-15.072886297376094,0.1559231330576502,3631,3696,3718,4752,3470,2790,2381
72712_2,17.172055732359727,-95.8981075454672,LE07,024048,2014-02-10,1392050693230,NA,0.1529262086513995,1.2853392144507456,3551.8333333333335,1.2425056853421543,0.08073941562313655,2945,3248,3329,4531,3854,2842,3404
72712_2,17.172055732359727,-95.8981075454672,LE07,024048,2014-02-26,1393433085620,0.7431906614785992,0.7431906614785992,6.143375680580762,1147.3333333333333,1.9878577623590632,0.13681539437513215,291,415,396,2688,2041,2965,1053
72712_2,17.172055732359727,-95.8981075454672,LE07,024048,2014-03-14,1394815494120,0.7406356413166856,0.7406356413166856,5.487982520029133,1297,2.1185064935064934,0.15714016223354085,364,552,457,3067,2234,2918,1108
72712_2,17.172055732359727,-95.8981075454672,LE07,024048,2014-03-30,1396197900940,NA,NA,NA,NA,NA,NA,NA,NA,NA,NA,NA,NA,NA
72712_2,17.172055732359727,-95.8981075454672,LE07,024048,2014-04-15,1397580307400,NA,0,1,20000,0,0,20000,20000,20000,20000,20000,2772,20000
72712_2,17.172055732359727,-95.8981075454672,LE07,024048,2014-05-17,1400345123220,0.7856673241288626,0.7856673241288626,6.220540540540541,972.8333333333334,1.9619110162534883,0.28264462809917357,217,382,326,2716,1519,2908,677
72712_2,17.172055732359727,-95.8981075454672,LE07,024048,2014-06-02,1401727526590,NA,NA,NA,NA,NA,NA,NA,NA,NA,NA,NA,NA,NA
72712_2,17.172055732359727,-95.8981075454672,LE07,024048,2014-07-20,1405874736110,NA,-0.5410695022345507,0.26636666666666664,12481.166666666666,1.4603002953042463,0.08596955055155438,20000,20000,20000,5956,5013,2886,3918
72712_2,17.172055732359727,-95.8981075454672,LE07,024048,2014-08-05,1407257142080,NA,0,1,20000,0,0,20000,20000,20000,20000,20000,2842,20000
72712_2,17.172055732359727,-95.8981075454672,LE07,024048,2014-09-06,1410021941860,NA,0,0.5148,14785.833333333334,0,0.5720798616569722,20000,20000,20000,20000,5444,2784,3271
72712_2,17.172055732359727,-95.8981075454672,LE07,024048,2014-11-25,1416933980740,NA,-0.4321518080916577,0.30996666666666667,12790.5,1.3673025510897638,0.1957177322074789,20000,20000,20000,7930,5334,2847,3479
72712_2,17.172055732359727,-95.8981075454672,LE07,024048,2014-12-11,1418316388390,0.7636231533058851,0.7636231533058851,4.911994784876141,1333.6666666666667,2.5023809523809524,0.3031496062992126,456,590,488,3641,1947,2859,880
72712_2,17.172055732359727,-95.8981075454672,LE07,024048,2014-12-27,1419698793920,0.8530757498729029,0.8530757498729029,8.358892438764643,1266.6666666666667,2.2448160535117054,0.2684879067339481,219,431,289,3645,2102,2939,914
72712_2,17.172055732359727,-95.8981075454672,LE07,024048,2015-01-12,1421081197160,0.8125649013499481,0.8125649013499481,7.4840954274353875,1235.1666666666667,1.974514256876104,0.2671506352087114,226,419,361,3491,2019,2929,895
72712_2,17.172055732359727,-95.8981075454672,LE07,024048,2015-01-28,1422463601600,NA,NA,NA,NA,NA,NA,NA,NA,NA,NA,NA,NA,NA
72712_2,17.172055732359727,-95.8981075454672,LE07,024048,2015-02-13,1423846002300,NA,-0.5262515262515263,0.2665,12489.833333333334,1.4492875457105627,0.11865933867916029,20000,20000,20000,6208,4891,2735,3840
72712_2,17.172055732359727,-95.8981075454672,LE07,024048,2015-03-01,1425228414860,NA,NA,NA,NA,NA,NA,NA,NA,NA,NA,NA,NA,NA
72712_2,17.172055732359727,-95.8981075454672,LE07,024048,2015-03-17,1426610822200,NA,-0.5640273704789834,0.3260325691411936,9589,1.476518997707173,0.12004018081366148,20000,3968,20000,5575,4380,2790,3611
72712_2,17.172055732359727,-95.8981075454672,LE07,024048,2015-04-02,1427993228260,NA,0.1547839915186854,1.1491883810337462,3251.5,3.62958359229335,0.15279798915200424,3025,3150,3189,4357,3202,2690,2586
72712_2,17.172055732359727,-95.8981075454672,LE07,024048,2015-04-18,1429375636360,0.8245827010622154,0.8245827010622154,6.772384034519956,1053.6666666666667,2.2299737360472753,0.2951314088754847,226,412,289,3006,1636,2980,753
72712_2,17.172055732359727,-95.8981075454672,LE07,024048,2015-05-04,1430758042440,NA,0.17150063051702397,1.2787940725600409,3616.5,7.142857142857143,0.08287679216691922,3184,3316,3285,4645,3934,2859,3335
72712_2,17.172055732359727,-95.8981075454672,LE07,024048,2015-05-20,1432140450390,NA,NA,NA,NA,NA,NA,NA,NA,NA,NA,NA,NA,NA
72712_2,17.172055732359727,-95.8981075454672,LE07,024048,2015-06-21,1434905259430,NA,-0.5515301966564524,0.26655,12543.333333333334,1.4678131967957715,0.06200055111600992,20000,20000,20000,5781,5106,2875,4373
72712_2,17.172055732359727,-95.8981075454672,LE07,024048,2015-07-07,1436287664800,NA,0.5654470011316485,2.735781990521327,1947,2.1395946331715674,0.24010159868519348,1008,1216,1152,4150,2543,2897,1613
72712_2,17.172055732359727,-95.8981075454672,LE07,024048,2015-07-23,1437670068020,NA,-0.5672752919050231,0.1597,11556.666666666666,1.478735139110185,0.4623940677966102,20000,20000,20000,5522,2030,2422,1788
72712_2,17.172055732359727,-95.8981075454672,LE07,024048,2015-08-08,1439052472150,NA,NA,NA,NA,NA,NA,NA,NA,NA,NA,NA,NA,NA
72712_2,17.172055732359727,-95.8981075454672,LE07,024048,2015-08-24,1440434873750,0.8620019436345967,0.8620019436345967,8.067907995618839,1210.3333333333333,2.30419535004546,0.3688158599749955,225,404,284,3832,1767,2945,750
72712_2,17.172055732359727,-95.8981075454672,LE07,024048,2015-09-09,1441817276690,0.8559049269621193,0.8559049269621193,7.630390143737166,1215.5,2.358117326057299,0.3409660107334526,244,439,291,3748,1842,2929,729
72712_2,17.172055732359727,-95.8981075454672,LE07,024048,2015-09-25,1443199680960,NA,0.2958462842610907,1.5419551370811408,2915,1.9060622610595304,0.16677267523215877,2239,2491,2492,4586,3275,2870,2407
72712_2,17.172055732359727,-95.8981075454672,LE07,024048,2015-10-11,1444582090680,NA,-0.3884068031933357,0.8135,15588.833333333334,1.3202605125300866,-0.3884068031933357,20000,20000,20000,8810,20000,2842,4723
72712_2,17.172055732359727,-95.8981075454672,LE07,024048,2015-10-27,1445964506940,0.8729703915950334,0.8729703915950334,8.635060639470783,1264.8333333333333,2.335206949412366,0.3346945720605751,214,427,266,3922,1955,2908,805
72712_2,17.172055732359727,-95.8981075454672,LE07,024048,2015-11-12,1447346922890,NA,-0.4542281683996219,0.23756666666666668,12159.5,1.388654247988263,0.37977941176470587,20000,20000,20000,7506,3374,2690,2077
72712_2,17.172055732359727,-95.8981075454672,LE07,024048,2015-11-28,1448729336240,NA,-0.4107356986668548,0.3212333333333333,12883.166666666666,1.3451143451143452,0.2094976111191545,20000,20000,20000,8354,5460,2825,3485
72712_2,17.172055732359727,-95.8981075454672,LE07,024048,2015-12-14,1450111753010,0.8668202764976959,0.8668202764976959,9.06015037593985,1347.6666666666667,2.3639562649239663,0.2977735063270863,241,401,289,4051,2192,2929,912
72712_2,17.172055732359727,-95.8981075454672,LE07,024048,2015-12-30,1451494165520,NA,0.3101413644744929,1.741143415587589,3639.6666666666665,2.616134384072999,0.08855070983556328,2634,2746,2806,5329,4462,2881,3861
72712_2,17.172055732359727,-95.8981075454672,LE07,024048,2016-01-15,1452876581100,0.8288447017367229,0.8288447017367229,7.942014242115971,1271.3333333333333,2.0689871827092237,0.2702797202797203,226,417,340,3633,2087,2945,925
72712_2,17.172055732359727,-95.8981075454672,LE07,024048,2016-01-31,1454258991050,0.8370672097759674,0.8370672097759674,7.881873727087576,1258.3333333333333,2.173740579135264,0.27176594994712727,233,429,320,3608,2066,2965,894
72712_2,17.172055732359727,-95.8981075454672,LE07,024048,2016-02-16,1455641395390,0.83004158004158,0.83004158004158,6.962511715089034,1236.1666666666667,2.4463848039215685,0.28621004566210045,296,444,327,3521,1954,2918,875
72712_2,17.172055732359727,-95.8981075454672,LE07,024048,2016-03-19,1458406210070,NA,0.36350844277673544,1.4339950372208436,1564.6666666666667,3.629976580796253,0.3387059636196178,1331,1342,1357,2907,1436,2649,1015
72712_2,17.172055732359727,-95.8981075454672,LE07,024048,2016-04-04,1459788613090,NA,-0.4314342971657601,0.7990666666666667,15409.166666666666,1.3665835411471323,-0.4314342971657601,20000,20000,20000,7944,20000,2825,4511
72712_2,17.172055732359727,-95.8981075454672,LE07,024048,2016-04-20,1461171021430,NA,0.298324478953821,1.3417698134121558,2017.6666666666667,-5.2517985611510785,0.2172413793103448,1890,1806,1717,3177,2043,2875,1473
72712_2,17.172055732359727,-95.8981075454672,LE07,024048,2016-05-06,1462553426290,NA,NA,NA,NA,NA,NA,NA,NA,NA,NA,NA,NA,NA
72712_2,17.172055732359727,-95.8981075454672,LE07,024048,2016-05-22,1463935829200,NA,NA,NA,NA,NA,NA,NA,NA,NA,NA,NA,NA,NA
72712_2,17.172055732359727,-95.8981075454672,LE07,024048,2016-06-23,1466700636690,0.8326383097025298,0.8326383097025298,6.566191446028514,1084.5,2.154366278233348,0.3530377668308703,217,464,301,3296,1576,2918,653
72712_2,17.172055732359727,-95.8981075454672,LE07,024048,2016-07-09,1468083036160,NA,-0.4868782990112259,0.2361,12184.166666666666,1.4177165865696844,0.310423390924625,20000,20000,20000,6902,3632,2621,2571
72712_2,17.172055732359727,-95.8981075454672,LE07,024048,2016-07-25,1469465438750,NA,NA,NA,NA,NA,NA,NA,NA,NA,NA,NA,NA,NA
72712_2,17.172055732359727,-95.8981075454672,LE07,024048,2016-08-10,1470847840200,NA,0.3107363499749541,1.1685232336091662,2194.1666666666665,4.859007832898172,0.3933262335818246,2047,2173,2064,3925,1709,2516,1247
72712_2,17.172055732359727,-95.8981075454672,LE07,024048,2016-08-26,1472230242970,0.8217179902755267,0.8217179902755267,5.976689976689976,1319.8333333333333,2.497536945812808,0.3535179769482195,359,543,385,3934,1879,2902,819
72712_2,17.172055732359727,-95.8981075454672,LE07,024048,2016-10-13,1476377447870,NA,0.14904492870594566,1.1315175922000849,3208.1666666666665,369.3333333333333,0.1428953706181429,3099,3174,3163,4271,3203,2842,2339
72712_2,17.172055732359727,-95.8981075454672,LE07,024048,2016-10-29,1477759843560,0.86840832123851,0.86840832123851,7.820383451059536,1266.5,2.4338983050847456,0.33034791594901824,241,478,272,3862,1944,2918,802
72712_2,17.172055732359727,-95.8981075454672,LE07,024048,2016-11-14,1479142235454,NA,-0.39625802848366376,0.8108,15751.5,1.3292117465224114,-0.39625802848366376,20000,20000,20000,8648,20000,2819,5861
72712_2,17.172055732359727,-95.8981075454672,LE07,024048,2016-11-30,1480524633458,0.8557784145176696,0.8557784145176696,8.378548895899053,1290.1666666666667,2.1925853419796892,0.31128732917158763,215,434,302,3886,2041,2990,863
72712_2,17.172055732359727,-95.8981075454672,LE07,024048,2016-12-16,1481907028696,NA,NA,NA,NA,NA,NA,NA,NA,NA,NA,NA,NA,NA
72712_2,17.172055732359727,-95.8981075454672,LE07,024048,2017-01-01,1483289420080,0.8583862620559868,0.8583862620559868,7.925553319919517,1295.6666666666667,2.2625248015873014,0.3358133243151843,230,463,301,3950,1964,2985,866
72712_2,17.172055732359727,-95.8981075454672,LE07,024048,2017-01-17,1484671809820,NA,NA,NA,NA,NA,NA,NA,NA,NA,NA,NA,NA,NA
72712_2,17.172055732359727,-95.8981075454672,LE07,024048,2017-02-02,1486054202490,0.7831444061113849,0.7831444061113849,6.320246343341031,1381.3333333333333,2.190817592720254,0.223537368955022,351,508,440,3618,2296,2934,1075
72712_2,17.172055732359727,-95.8981075454672,LE07,024048,2017-02-18,1487436602108,0.7989749430523918,0.7989749430523918,7.019076305220883,1161.1666666666667,1.9660874439461884,0.24492610837438425,228,415,353,3159,1916,2980,896
72712_2,17.172055732359727,-95.8981075454672,LE07,024048,2017-03-06,1488819010100,0.5039670878636497,0.5039670878636497,2.526117843710823,1306.5,2.1368053825068527,0.1896792189679219,749,800,844,2559,1743,2892,1144
72712_2,17.172055732359727,-95.8981075454672,LE07,024048,2017-03-22,1490201415520,NA,0.16693899782135077,1.1163754480286738,3033.1666666666665,3.226315789473684,0.2026382262138647,2892,2977,3059,4285,2841,2825,2145
72712_2,17.172055732359727,-95.8981075454672,LE07,024048,2017-04-07,1491583819760,NA,-0.45195832879596354,0.7924833333333333,15345.333333333334,1.3865256124721603,-0.45195832879596354,20000,20000,20000,7549,20000,2801,4523
72712_2,17.172055732359727,-95.8981075454672,LE07,024048,2017-04-23,1492966227080,NA,0,1,17495,0,0,20000,20000,20000,20000,20000,2807,4970
72712_2,17.172055732359727,-95.8981075454672,LE07,024048,2017-05-09,1494348631250,NA,NA,NA,NA,NA,NA,NA,NA,NA,NA,NA,NA,NA
72712_2,17.172055732359727,-95.8981075454672,LE07,024048,2017-05-25,1495731033920,NA,NA,NA,NA,NA,NA,NA,NA,NA,NA,NA,NA,NA
72712_2,17.172055732359727,-95.8981075454672,LE07,024048,2017-06-10,1497113438800,0.789988358556461,0.789988358556461,4.522821576763485,1379.6666666666667,3.8149314144366993,0.34007320899424787,577,659,451,3844,1893,2913,854
72712_2,17.172055732359727,-95.8981075454672,LE07,024048,2017-06-26,1498495841620,NA,0.1879641972957532,0.9003260363297625,2008,-6.527777777777778,0.3989683785602153,2172,2137,2132,3119,1340,2676,1148
72712_2,17.172055732359727,-95.8981075454672,LE07,024048,2017-07-12,1499878242560,0.6911380375386077,0.6911380375386077,3.3906175203446627,1380.5,2.601967799642218,0.3377184739710581,622,817,650,3559,1762,2853,873
72712_2,17.172055732359727,-95.8981075454672,LE07,024048,2017-07-28,1501260641600,NA,NA,NA,NA,NA,NA,NA,NA,NA,NA,NA,NA,NA
72712_2,17.172055732359727,-95.8981075454672,LE07,024048,2017-08-13,1502643038900,0.8589548452562151,0.8589548452562151,7.815587266739846,1166.6666666666667,2.266095569535538,0.3590504451038576,213,420,278,3664,1728,2929,697
72712_2,17.172055732359727,-95.8981075454672,LE07,024048,2017-10-16,1508172640870,NA,-0.4660069635330768,0.30461666666666665,12769.5,1.399467288896716,0.13997339801267503,20000,20000,20000,7285,5496,2790,3836
72712_2,17.172055732359727,-95.8981075454672,LE07,024048,2017-11-01,1509555040900,0.8742724097788126,0.8742724097788126,8.298647242455775,1305.1666666666667,2.436097054625665,0.3416666666666667,239,452,270,4025,1975,2955,870
72712_2,17.172055732359727,-95.8981075454672,LE07,024048,2017-11-17,1510937437720,NA,0.24444444444444444,1.426981919332406,2776.1666666666665,3.6802030456852792,0.1340782122905028,2369,2356,2465,4060,3100,2819,2307
72712_2,17.172055732359727,-95.8981075454672,LE07,024048,2017-12-03,1512319831290,0.8184385717167642,0.8184385717167642,6.066804407713499,1500.1666666666667,2.590346060528668,0.3538600180234305,439,563,450,4507,2151,2902,891
72712_2,17.172055732359727,-95.8981075454672,LE07,024048,2017-12-19,1513702221950,NA,0.12107010349541106,0.5188384679433805,7093.833333333333,-0.02643878142803534,0.1095863935059915,20000,4323,4501,5741,4607,2830,3391
72712_2,17.172055732359727,-95.8981075454672,LE07,024048,2018-01-20,1516466995720,NA,0.5559931085404873,2.375585163845877,1444,2.850113550340651,0.2957573273211724,879,996,902,3161,1718,2778,1008
72712_2,17.172055732359727,-95.8981075454672,LE07,024048,2018-02-05,1517849379500,NA,NA,NA,NA,NA,NA,NA,NA,NA,NA,NA,NA,NA
72712_2,17.172055732359727,-95.8981075454672,LE07,024048,2018-02-21,1519231770010,0.6949648711943794,0.6949648711943794,5.756296296296297,1331.8333333333333,1.635211461633834,0.08569285580348772,319,510,521,2895,2438,2955,1308
72712_2,17.172055732359727,-95.8981075454672,LE07,024048,2018-03-09,1520614159250,0.6582789686237962,0.6582789686237962,5.631859756097561,1283.6666666666667,1.374189364461738,0.06144362696361105,282,480,550,2669,2360,2945,1361
72712_2,17.172055732359727,-95.8981075454672,LE07,024048,2018-03-25,1521996546613,0.5355308219178082,0.5355308219178082,2.910239792611795,1827,1.89804278561675,0.14162953532781666,907,1094,1085,3587,2697,2945,1592
72712_2,17.172055732359727,-95.8981075454672,LE07,024048,2018-04-10,1523378931988,NA,0.29610655737704916,1.7213904663569093,2480.5,1.5795226817270904,0.10015944339759383,1789,1961,2061,3795,3104,2902,2173
72712_2,17.172055732359727,-95.8981075454672,LE07,024048,2018-04-26,1524761315330,NA,-0.5082956259426847,0.2811666666666667,12667,1.4353251842071637,0.11500641299700728,20000,20000,20000,6520,5175,2807,4307
72712_2,17.172055732359727,-95.8981075454672,LE07,024048,2018-05-12,1526143698180,0.7122442351412797,0.7122442351412797,5.426421404682274,1129.3333333333333,1.724056603773585,0.15538023230330922,282,471,443,2636,1927,2955,1017
72712_2,17.172055732359727,-95.8981075454672,LE07,024048,2018-05-28,1527526083530,0.716956802063185,0.716956802063185,5.5773809523809526,1131.3333333333333,1.6909975669099755,0.15506397744523964,268,469,439,2663,1948,2975,1001
72712_2,17.172055732359727,-95.8981075454672,LE07,024048,2018-06-13,1528908466940,NA,0.413453650533224,1.7386910490856593,1797.3333333333333,2.265677680377613,0.29160419790104947,1307,1419,1430,3446,1890,2656,1292
72712_2,17.172055732359727,-95.8981075454672,LE07,024048,2018-06-29,1530290848470,0.7343108504398826,0.7343108504398826,4.831352154531946,1157.1666666666667,2.056842451125349,0.25031712473572937,351,542,453,2957,1773,2897,867
72712_2,17.172055732359727,-95.8981075454672,LE07,024048,2018-07-31,1533055613280,NA,NA,NA,NA,NA,NA,NA,NA,NA,NA,NA,NA,NA
72712_2,17.172055732359727,-95.8981075454672,LE07,024048,2018-08-16,1534437995262,0.7588761174968072,0.7588761174968072,5.49614576033637,1360,2.0512289422811376,0.2202729044834308,354,601,472,3443,2200,2924,1090
72712_2,17.172055732359727,-95.8981075454672,LE07,024048,2018-09-01,1535820375740,0.6481892091648189,0.6481892091648189,3.5346062052505967,1427.3333333333333,2.1269199676637025,0.24465116279069768,605,776,714,3345,2030,2847,1094
72712_2,17.172055732359727,-95.8981075454672,LE07,024048,2018-09-17,1537202754610,NA,NA,NA,NA,NA,NA,NA,NA,NA,NA,NA,NA,NA
72712_2,17.172055732359727,-95.8981075454672,LE07,024048,2018-11-04,1541349888045,0.6175062685206292,0.6175062685206292,3.176376054640418,1586.1666666666667,2.200292397660818,0.23904312903789068,734,916,839,3548,2179,2859,1301
72712_2,17.172055732359727,-95.8981075454672,LE07,024048,2018-11-20,1542732265380,NA,0.15381132075471698,1.2172253369915305,3015.6666666666665,-3.865705614567527,0.08997575930414943,2840,2740,2803,3822,3191,2830,2698
72712_2,17.172055732359727,-95.8981075454672,LE07,024048,2018-12-22,1545497013440,0.8312686885946177,0.8312686885946177,7.748038360941587,1462.6666666666667,2.110400173516972,0.30165477455594353,273,479,395,4287,2300,2913,1042
72712_2,17.172055732359727,-95.8981075454672,LE07,024048,2019-01-07,1546879384370,NA,NA,NA,NA,NA,NA,NA,NA,NA,NA,NA,NA,NA
72712_2,17.172055732359727,-95.8981075454672,LE07,024048,2019-01-23,1548261753490,NA,NA,NA,NA,NA,NA,NA,NA,NA,NA,NA,NA,NA
72712_2,17.172055732359727,-95.8981075454672,LE07,024048,2019-02-08,1549644124240,NA,-0.3247665099026297,0.3786,13408,1.237818732643272,0.2390154968094804,20000,20000,20000,10194,6261,2784,3993
72712_2,17.172055732359727,-95.8981075454672,LE07,024048,2019-02-24,1551026495260,NA,NA,NA,NA,NA,NA,NA,NA,NA,NA,NA,NA,NA
72712_2,17.172055732359727,-95.8981075454672,LE07,024048,2019-03-12,1552408864720,NA,0.22695663168542168,1.404918215199733,3533.5,3.6558044806517302,0.11042453369950796,2929,3001,3057,4852,3887,2825,3475
72712_2,17.172055732359727,-95.8981075454672,LE07,024048,2019-03-28,1553791232580,0.8058095750403442,0.8058095750403442,6.13640312771503,1206,2.0696324951644103,0.28867562380038386,254,536,361,3357,1853,2950,875
72712_2,17.172055732359727,-95.8981075454672,LE07,024048,2019-04-13,1555173598850,NA,NA,NA,NA,NA,NA,NA,NA,NA,NA,NA,NA,NA
72712_2,17.172055732359727,-95.8981075454672,LE07,024048,2019-04-29,1556555963320,0.6859876195835678,0.6859876195835678,3.45877378435518,1262.6666666666667,2.8716136631330977,0.2561844863731656,563,771,558,2996,1774,2918,914
72712_2,17.172055732359727,-95.8981075454672,LE07,024048,2019-05-15,1557938326080,NA,0.2936052266877846,1.3022657054582905,2084.5,-2.3310279786230743,0.20398009950248755,2075,1967,1784,3267,2160,2870,1254
72712_2,17.172055732359727,-95.8981075454672,LE07,024048,2019-05-31,1559320690870,NA,NA,NA,NA,NA,NA,NA,NA,NA,NA,NA,NA,NA
72712_2,17.172055732359727,-95.8981075454672,LE07,024048,2019-06-16,1560703056386,NA,0.16407801004320915,1.246093375515291,3812.6666666666665,2.6936349693251533,0.10866421977533088,3354,3498,3579,4984,4007,2621,3454
72712_2,17.172055732359727,-95.8981075454672,LE07,024048,2019-07-02,1562085420427,NA,-0.5469100471807564,0.2542333333333333,12422.166666666666,1.4645209394805516,0.10989010989010987,20000,20000,20000,5858,4698,2670,3977
72712_2,17.172055732359727,-95.8981075454672,LE07,024048,2019-09-04,1567614863236,0.8460019743336624,0.8460019743336624,7.239754098360656,1179.1666666666667,2.1462559479088403,0.3844160651489913,216,448,312,3740,1663,2950,696
72712_2,17.172055732359727,-95.8981075454672,LE07,024048,2019-09-20,1568997220659,NA,-0.5282341254680217,0.2709,12559.5,1.4507869884575024,0.10112359550561796,20000,20000,20000,6174,5040,2807,4143
72712_2,17.172055732359727,-95.8981075454672,LE07,024048,2019-10-06,1570379580582,0.8474151673878387,0.8474151673878387,6.93766461808604,1324.1666666666667,2.437123395336652,0.3567486201705971,300,504,335,4056,1923,2918,827
72712_2,17.172055732359727,-95.8981075454672,LE07,024048,2019-10-22,1571761940047,NA,-0.529285823520416,0.21066666666666667,11916.666666666666,1.4515790798137818,0.31006597148329434,20000,20000,20000,6156,3242,2703,2102
72712_2,17.172055732359727,-95.8981075454672,LE07,024048,2019-11-07,1573144297436,NA,NA,NA,NA,NA,NA,NA,NA,NA,NA,NA,NA,NA
72712_2,17.172055732359727,-95.8981075454672,LE07,024048,2019-11-23,1574526652635,NA,0.5089421036677781,1.985,1211.3333333333333,8.61025641025641,0.301437908496732,915,875,810,2489,1336,2892,843
